country,iso,region,inflation_2023,score_2023,rank_2023,inflation_2022,score_2022,rank_2022,inflation_2021,score_2021,rank_2021,inflation_2020,score_2020,rank_2020,inflation_2019,score_2019,rank_2019,inflation_2018,score_2018,rank_2018,inflation_2017,score_2017,rank_2017,inflation_2016,score_2016,rank_2016,inflation_2015,score_2015,rank_2015,inflation_2014,score_2014,rank_2014,inflation_2013,score_2013,rank_2013,inflation_2012,score_2012,rank_2012,inflation_2011,score_2011,rank_2011,inflation_2010,score_2010,rank_2010,inflation_2009,score_2009,rank_2009,inflation_2008,score_2008,rank_2008,inflation_2007,score_2007,rank_2007,inflation_2006,score_2006,rank_2006,inflation_2005,score_2005,rank_2005,inflation_2004,score_2004,rank_2004,inflation_2003,score_2003,rank_2003,inflation_2002,score_2002,rank_2002,inflation_2001,score_2001,rank_2001,inflation_2000,score_2000,rank_2000,inflation_1999,score_1999,rank_1999,inflation_1998,score_1998,rank_1998,inflation_1997,score_1997,rank_1997,inflation_1996,score_1996,rank_1996,inflation_1995,score_1995,rank_1995
Afghanistan,AFG,AP,no data,20.0,162.0,10.6,24.0,150.0,7.8,16.0,174.0,5.6,19.0,165.0,2.3,16.0,173.0,0.6,16.0,172.0,5,15.0,177.0,4.4,15.0,169.0,-0.7,11.0,166.0,4.7,12.0,172.0,7.4,8.0,175.0,6.4,8.0,174.0,11.8,1.5,180.0,2.2,1.4,176.0,-6.8,1.3,179.0,26.4,1.5,176.0,8.7,1.8,172.0,6.8,,,10.6,2.5,117.0,16.4,,,35.7,,,5.1,,,no data,,,no data,,,no data,,,no data,,,no data,,,no data,,,no data,,
Albania,ALB,ECA,4.8,37.0,98.0,6.7,36.0,101.0,2,35.0,110.0,1.6,36.0,104.0,1.4,35.0,106.0,2,36.0,99.0,2,38.0,91.0,1.3,39.0,83.0,1.9,36.0,88.0,1.6,33.0,110.0,1.9,31.0,116.0,2,33.0,113.0,3.4,3.1,95.0,3.6,3.3,91.0,2.2,3.2,95.0,3.3,3.4,85.0,3,2.9,105.0,2.4,2.6,111.0,2.4,2.4,126.0,2.9,2.5,108.0,2.4,2.5,92.0,5.2,2.5,81.0,3.1,,,0,,,0.4,2.3,84.0,20.6,,,33.2,,,12.7,,,7.8,,
Algeria,DZA,MENA,9.3,36.0,104.0,9.3,33.0,116.0,7.2,33.0,117.0,2.4,36.0,104.0,2,35.0,106.0,4.3,35.0,105.0,5.6,33.0,112.0,6.4,34.0,108.0,4.8,36.0,88.0,2.9,36.0,100.0,3.3,36.0,94.0,8.9,34.0,105.0,4.5,2.9,112.0,3.9,2.9,110.0,5.7,2.8,111.0,4.9,3.2,92.0,3.7,3.0,99.0,2.3,3.1,84.0,1.4,2.8,97.0,4,2.7,97.0,4.3,2.6,88.0,1.4,,,4.2,,,0.3,,,2.6,,,5,,,5.7,,,18.7,,,29.8,,
Angola,AGO,SSA,13.6,33.0,121.0,21.4,33.0,116.0,25.8,29.0,136.0,22.3,27.0,142.0,17.1,26.0,146.0,19.6,19.0,165.0,29.8,19.0,167.0,30.7,18.0,164.0,9.2,15.0,163.0,7.3,19.0,161.0,8.8,23.0,153.0,10.3,22.0,157.0,13.5,2.0,168.0,14.5,1.9,168.0,13.7,1.9,162.0,12.5,1.9,158.0,12.2,2.2,147.0,13.3,2.2,142.0,23,2.0,151.0,43.5,2.0,133.0,98.2,1.8,124.0,108.9,1.7,98.0,152.6,,,325,1.7,85.0,248.2,,,107.4,,,221.5,,,4146,,,2672.2,,
Argentina,ARG,AME,133.5,37.0,98.0,72.4,38.0,94.0,48.4,38.0,96.0,42,42.0,78.0,53.5,45.0,66.0,34.3,40.0,85.0,25.7,39.0,85.0,no data,36.0,95.0,no data,32.0,106.0,no data,34.0,107.0,10.6,34.0,106.0,10,35.0,102.0,9.8,3.0,100.0,10.5,2.9,110.0,6.3,2.9,106.0,8.6,2.9,109.0,8.8,2.9,105.0,10.9,2.9,93.0,9.6,2.8,97.0,4.4,2.5,108.0,13.4,2.5,92.0,25.9,2.8,70.0,-1.1,3.5,57.0,-0.9,3.5,52.0,-1.2,3.0,71.0,0.9,3.0,61.0,no data,2.81,42.0,no data,3.41,35.0,no data,5.24,24.0
Armenia,ARM,ECA,2,47.0,62.0,8.6,46.0,63.0,7.2,49.0,58.0,1.2,49.0,60.0,1.4,42.0,77.0,2.5,35.0,105.0,1.2,35.0,107.0,-1.4,33.0,113.0,3.7,35.0,95.0,3,37.0,94.0,5.7,36.0,94.0,2.5,34.0,105.0,7.5,2.6,129.0,8.2,2.6,127.0,3.5,2.7,120.0,9.1,2.9,109.0,4.4,3.0,99.0,2.9,2.9,93.0,0.6,2.9,88.0,6.9,3.1,82.0,4.7,3.0,78.0,1,,,3.2,,,-0.8,2.5,76.0,0.7,2.5,80.0,8.7,,,14,,,18.7,,,176.7,,
Australia,AUS,AP,5.6,75.0,14.0,6.6,75.0,13.0,2.8,73.0,18.0,0.9,77.0,11.0,1.6,77.0,12.0,1.9,77.0,13.0,2,77.0,13.0,1.3,79.0,13.0,1.5,79.0,13.0,2.5,80.0,11.0,2.5,81.0,9.0,1.7,85.0,7.0,3.4,8.8,8.0,2.9,8.7,8.0,1.8,8.7,8.0,4.3,8.7,9.0,2.4,8.6,11.0,3.6,8.7,9.0,2.7,8.8,9.0,2.3,8.8,9.0,2.7,8.8,8.0,3,8.6,11.0,4.4,8.5,11.0,4.5,8.3,13.0,1.4,8.7,12.0,0.9,8.7,11.0,0.2,8.86,8.0,2.7,8.6,10.0,4.6,8.8,7.0
Austria,AUT,WE/EU,7.7,71.0,20.0,8.6,71.0,22.0,2.8,74.0,13.0,1.4,76.0,15.0,1.5,77.0,12.0,2.1,76.0,14.0,2.2,75.0,16.0,1,75.0,17.0,0.8,76.0,16.0,1.5,72.0,23.0,2.1,69.0,26.0,2.6,69.0,25.0,3.5,7.8,16.0,1.7,7.9,15.0,0.4,7.9,16.0,3.2,8.1,12.0,2.2,8.1,15.0,1.7,8.6,11.0,2.1,8.7,10.0,2,8.4,13.0,1.3,8.0,14.0,1.7,7.8,15.0,2.3,7.8,15.0,2,7.7,15.0,0.5,7.6,17.0,0.8,7.5,17.0,1.2,7.61,17.0,1.8,7.59,16.0,1.6,7.13,16.0
Azerbaijan,AZE,ECA,8.2,23.0,154.0,13.9,23.0,157.0,6.7,30.0,128.0,2.8,30.0,129.0,2.6,30.0,126.0,2.3,25.0,152.0,12.9,31.0,122.0,12.4,30.0,123.0,4,29.0,119.0,1.4,29.0,126.0,2.4,28.0,127.0,1.1,27.0,139.0,7.9,2.4,143.0,5.7,2.4,134.0,1.5,2.3,143.0,20.8,1.9,158.0,16.7,2.1,150.0,8.3,2.4,130.0,9.6,2.2,137.0,6.7,1.9,140.0,2.1,1.8,124.0,2.8,2.0,95.0,1.8,2.0,84.0,1.8,1.5,87.0,-8.5,1.7,96.0,-0.8,,,3.7,,,19.8,,,411.8,,
Bahamas,BHS,AME,3.1,64.0,30.0,5.6,64.0,30.0,2.9,64.0,30.0,0,63.0,30.0,2.5,64.0,29.0,2.3,65.0,29.0,1.5,65.0,28.0,-0.3,66.0,24.0,1.9,,,1.2,71.0,24.0,0.4,71.0,22.0,1.9,71.0,22.0,3.1,7.3,21.0,1.6,,,1.7,,,4.4,,,2.4,,,2,,,1.8,,,1.2,,,3.7,,,1.5,,,2.4,,,1.7,,,1.1,,,1.2,,,0.6,,,1.3,,,2,,
Bahrain,BHR,MENA,0.1,42.0,76.0,3.6,44.0,69.0,-0.6,42.0,78.0,-2.3,42.0,78.0,1,42.0,77.0,2.1,36.0,99.0,1.4,36.0,103.0,2.8,43.0,70.0,1.8,51.0,50.0,2.6,49.0,55.0,3.3,48.0,57.0,2.8,51.0,53.0,-0.3,5.1,46.0,2,4.9,50.0,2.8,5.1,46.0,3.5,5.4,43.0,3.3,5.0,46.0,2,5.7,36.0,2.6,5.8,36.0,2.2,5.8,34.0,1.7,6.1,27.0,-0.5,,,-1.2,,,-0.7,,,-1.3,,,-0.4,,,4.6,,,-0.2,,,3.1,,
Bangladesh,BGD,AP,9,24.0,149.0,6.1,25.0,147.0,5.6,26.0,147.0,5.6,26.0,146.0,5.5,26.0,146.0,5.8,26.0,149.0,5.4,28.0,143.0,5.9,26.0,145.0,6.4,25.0,139.0,7.3,25.0,145.0,6.8,27.0,136.0,8.9,26.0,144.0,8.8,2.7,120.0,7.3,2.4,143.0,6.7,2.4,139.0,9.9,2.1,147.0,7.2,2.0,162.0,7.2,2.0,156.0,6.5,1.7,158.0,8.1,1.5,145.0,3.9,1.3,133.0,2.4,1.2,102.0,1.8,0.4,91.0,3.6,,,8.9,,,6.7,,,2.7,,,6.8,2.29,51.0,8.9,,
Barbados,BRB,AME,5,69.0,24.0,5,65.0,29.0,1.5,65.0,29.0,0.5,64.0,29.0,1.6,62.0,30.0,5.2,68.0,25.0,3.5,68.0,25.0,-0.3,61.0,31.0,0.3,,,1.6,74.0,17.0,2.2,75.0,15.0,7.1,76.0,15.0,7.6,7.8,16.0,5.2,7.8,17.0,5.6,7.4,20.0,6.5,7.0,22.0,4.8,6.9,23.0,7.5,6.7,24.0,4.7,6.9,24.0,0.8,7.3,21.0,1.2,,,0.3,,,4.2,,,0.9,,,1.6,,,-1.3,,,7.7,,,2.4,,,2.8,,
Belarus,BLR,ECA,5,37.0,98.0,15.2,39.0,91.0,9.5,41.0,82.0,5.5,47.0,63.0,5.6,45.0,66.0,4.9,44.0,70.0,6,44.0,68.0,11.8,40.0,79.0,13.5,32.0,106.0,18.1,31.0,119.0,18.3,29.0,123.0,59.2,31.0,123.0,53.2,2.4,143.0,7.7,2.5,134.0,13,2.4,139.0,14.8,2.0,151.0,8.4,2.1,150.0,7,2.1,151.0,10.3,2.6,107.0,18.1,3.3,74.0,28.4,4.2,53.0,42.6,4.8,36.0,61.1,,,168.6,4.1,43.0,293.7,3.4,58.0,73,3.9,47.0,63.8,,,52.7,,,709.3,,
Belgium,BEL,WE/EU,2.3,73.0,16.0,10.3,73.0,18.0,3.2,73.0,18.0,0.4,76.0,15.0,1.2,75.0,17.0,2.3,75.0,17.0,2.2,75.0,16.0,1.8,77.0,15.0,0.6,77.0,15.0,0.5,76.0,15.0,1.3,75.0,15.0,2.6,75.0,16.0,3.3,7.5,19.0,2.3,7.1,22.0,0,7.1,21.0,4.5,7.3,18.0,1.8,7.1,21.0,2.3,7.3,20.0,2.5,7.4,19.0,1.9,7.5,17.0,1.5,7.6,17.0,1.6,7.1,20.0,2.4,6.6,24.0,2.7,6.1,25.0,1.1,5.3,29.0,0.9,5.4,28.0,1.5,5.25,26.0,1.8,6.84,20.0,1.3,6.85,19.0
Benin,BEN,SSA,2.8,43.0,70.0,1.4,43.0,72.0,1.7,42.0,78.0,3,41.0,83.0,-0.9,41.0,80.0,0.8,40.0,85.0,1.8,39.0,85.0,-0.8,36.0,95.0,0.2,37.0,83.0,-1.1,39.0,80.0,1,36.0,94.0,7,36.0,94.0,2.8,3.0,100.0,2.3,2.8,116.0,0.7,2.9,106.0,6.8,3.1,96.0,1.3,2.7,118.0,5.2,2.5,121.0,4.7,2.9,88.0,1.3,3.8,60.0,1.8,4.5,46.0,2.7,,,3.8,,,4,,,0.3,,,5.8,,,3.8,,,4.9,,,14.5,,
Bhutan,BTN,AP,4.6,68.0,26.0,5.9,68.0,25.0,8.2,68.0,25.0,3,68.0,24.0,2.8,68.0,25.0,3.7,68.0,25.0,4.3,67.0,26.0,3.3,65.0,27.0,6.7,65.0,27.0,9.6,65.0,30.0,8.1,63.0,31.0,10.1,63.0,33.0,8.6,5.7,38.0,4.8,5.7,37.0,7.1,5.0,49.0,6.3,5.2,45.0,5.2,5.0,46.0,4.9,6.0,32.0,4.8,,,3.3,,,2.5,,,2.9,,,3.7,,,7.2,,,9.1,,,7.6,,,8.6,,,8.8,,,7.1,,
Bolivia,BOL,AME,2.6,29.0,133.0,1.7,31.0,126.0,0.7,30.0,128.0,0.9,31.0,124.0,1.8,31.0,123.0,2.3,29.0,132.0,2.8,33.0,112.0,3.6,33.0,113.0,4.1,34.0,98.0,5.8,35.0,103.0,5.7,34.0,106.0,4.5,34.0,105.0,9.9,2.8,118.0,2.5,2.8,116.0,3.3,2.7,120.0,14,3.0,102.0,6.7,2.9,105.0,4.3,2.7,105.0,5.4,2.5,117.0,4.4,3.2,77.0,3.3,2.3,106.0,0.9,2.2,89.0,1.6,2.0,84.0,4.6,2.7,71.0,2.2,2.5,80.0,7.7,2.8,69.0,4.7,2.05,51.0,12.4,3.4,36.0,10.2,,
Bolivia,BOL,AME,2.6,29.0,133.0,1.7,31.0,126.0,0.7,30.0,128.0,0.9,31.0,124.0,1.8,31.0,123.0,2.3,29.0,132.0,2.8,33.0,112.0,3.6,33.0,113.0,4.1,34.0,98.0,5.8,35.0,103.0,5.7,34.0,106.0,4.5,34.0,105.0,9.9,2.8,118.0,2.5,2.8,116.0,3.3,2.7,120.0,14,3.0,102.0,6.7,2.9,105.0,4.3,2.7,105.0,5.4,2.5,117.0,4.4,2.2,122.0,3.3,2.3,106.0,0.9,2.2,89.0,1.6,2.0,84.0,4.6,2.7,71.0,2.2,2.5,80.0,7.7,2.8,69.0,4.7,2.05,51.0,12.4,3.4,36.0,10.2,,
Bosnia and Herzegovina,BIH,ECA,6.1,35.0,108.0,14,34.0,110.0,2,35.0,110.0,-1.1,35.0,111.0,0.6,36.0,101.0,1.4,38.0,89.0,0.8,38.0,91.0,-1.6,39.0,83.0,-1,38.0,76.0,-0.9,39.0,80.0,-0.1,42.0,72.0,2.1,42.0,72.0,4,3.2,91.0,2.1,3.2,98.0,-0.4,3.0,99.0,7.4,3.2,92.0,1.5,3.3,84.0,6.1,2.9,93.0,3.6,2.9,88.0,0.3,3.1,82.0,0.5,3.3,70.0,0.3,,,3.2,,,5,,,2.8,,,-0.3,,,5.7,,,-11.7,,,12.9,,
Botswana,BWA,SSA,5.1,59.0,39.0,12.2,60.0,35.0,6.7,55.0,45.0,1.9,60.0,35.0,2.7,61.0,34.0,3.2,61.0,34.0,3.3,61.0,34.0,2.8,60.0,35.0,3.1,63.0,29.0,4.4,63.0,31.0,5.9,64.0,30.0,7.5,65.0,30.0,8.5,6.1,32.0,6.9,5.8,33.0,8.1,5.6,37.0,12.6,5.8,36.0,7.1,5.4,38.0,11.6,5.6,37.0,8.6,5.9,32.0,7,6.0,31.0,9.2,5.7,30.0,8,6.4,24.0,6.6,6.0,26.0,8.5,6.0,26.0,7.8,6.1,24.0,6.5,6.1,23.0,8.9,,,10.1,,,10.5,,
Bulgaria,BGR,WE/EU,8.6,45.0,67.0,13,43.0,72.0,2.8,42.0,78.0,1.2,44.0,69.0,2.5,43.0,74.0,2.6,42.0,77.0,1.2,43.0,71.0,-1.3,41.0,75.0,-1.1,41.0,69.0,-1.6,43.0,69.0,0.4,41.0,77.0,2.4,41.0,75.0,3.4,3.3,86.0,3,3.6,78.0,2.5,3.8,71.0,12,3.6,72.0,7.6,4.1,64.0,7.4,4.0,57.0,6,4.0,55.0,6.1,4.1,54.0,2.3,3.9,54.0,5.8,4.0,45.0,7.4,3.9,47.0,10.3,3.5,52.0,2.6,3.3,63.0,18.7,2.9,66.0,1061.2,,,123,,,62.1,,
Burkina Faso,BFA,SSA,0.9,41.0,83.0,13.8,42.0,77.0,3.9,42.0,78.0,1.9,40.0,86.0,-3.2,40.0,85.0,2,41.0,78.0,1.5,42.0,74.0,0.4,42.0,72.0,1.7,38.0,76.0,-0.3,38.0,85.0,0.5,38.0,83.0,3.8,38.0,83.0,2.8,3.0,100.0,-0.6,3.1,105.0,0.9,3.6,79.0,10.7,3.5,80.0,-0.2,2.9,105.0,2.3,3.2,79.0,6.4,3.4,70.0,-0.4,,,2,,,2.3,,,4.7,,,-0.2,3.0,65.0,-1.1,,,4.9,,,2.9,,,6.1,,,7.8,,
Burundi,BDI,SSA,27,20.0,162.0,18.9,17.0,171.0,8.3,19.0,169.0,7.3,19.0,165.0,-0.7,19.0,165.0,-2.8,17.0,170.0,16.6,22.0,157.0,5.5,20.0,159.0,5.6,21.0,150.0,4.4,20.0,159.0,7.9,21.0,157.0,18.2,19.0,165.0,9.6,1.9,172.0,6.5,1.8,170.0,10.6,1.8,168.0,24.4,1.9,158.0,8.4,2.5,131.0,2.7,2.4,130.0,13.3,2.3,130.0,8.2,,,10.6,,,-1.3,,,7.9,,,25.5,,,3.5,,,12.5,,,31.1,,,26.5,,,19.2,,
Cabo Verde,CPV,SSA,3.1,64.0,30.0,7.9,60.0,35.0,1.9,58.0,39.0,0.6,58.0,41.0,1.1,58.0,41.0,1.3,57.0,45.0,0.8,55.0,48.0,-1.4,59.0,38.0,0.1,55.0,40.0,-0.2,57.0,43.0,1.5,58.0,41.0,2.5,,,4.5,5.5,41.0,2.1,5.1,48.0,1,5.1,46.0,6.8,5.1,47.0,4.4,4.9,49.0,4.8,,,0.4,,,-1.9,,,1.2,,,1.9,,,3.7,,,-2.4,,,4.3,,,4.4,,,8.6,,,6,,,8.4,,
Cambodia,KHM,AP,2.1,22.0,158.0,5.3,24.0,150.0,2.9,23.0,157.0,2.9,21.0,160.0,1.9,20.0,162.0,2.5,20.0,161.0,2.9,21.0,161.0,3,21.0,156.0,1.2,21.0,150.0,3.9,21.0,156.0,2.9,20.0,160.0,2.9,22.0,157.0,5.5,2.1,164.0,4,2.1,154.0,-0.7,2.0,158.0,25,1.8,166.0,7.7,2.0,162.0,6.1,2.1,151.0,6.3,2.3,130.0,3.9,,,1,,,0,,,-0.1,,,-0.8,,,2,,,12.9,,,10.5,,,7.1,,,10.1,,
Cameroon,CMR,SSA,7.2,27.0,140.0,6.3,26.0,142.0,2.3,27.0,144.0,2.5,25.0,149.0,2.5,25.0,153.0,1.1,25.0,152.0,0.6,25.0,153.0,0.9,26.0,145.0,2.7,27.0,130.0,1.9,27.0,136.0,2.1,25.0,144.0,2.4,26.0,144.0,3,2.5,134.0,1.3,2.2,154.0,3,2.2,146.0,5.3,2.3,141.0,1.1,2.4,138.0,4.9,2.3,138.0,2,2.2,137.0,0.3,2.1,129.0,0.6,1.8,124.0,2.8,2.2,89.0,4.5,2.0,84.0,1.2,2.0,84.0,1.8,1.5,99.0,3.2,1.4,85.0,4.8,,,3.9,2.46,49.0,25.8,,
Canada,CAN,AME,3.9,76.0,12.0,6.8,74.0,14.0,3.4,74.0,13.0,0.7,77.0,11.0,1.9,77.0,12.0,2.3,81.0,9.0,1.6,82.0,8.0,1.4,82.0,9.0,1.1,83.0,10.0,1.9,81.0,10.0,0.9,81.0,9.0,1.5,84.0,9.0,2.9,8.7,10.0,1.8,8.9,6.0,0.3,8.7,8.0,2.4,8.7,9.0,2.1,8.7,9.0,2,8.5,14.0,2.2,8.4,14.0,1.9,8.5,12.0,2.8,8.7,11.0,2.3,9.0,7.0,2.5,8.9,7.0,2.7,9.2,5.0,1.7,9.2,5.0,1,9.2,6.0,1.6,9.1,5.0,1.6,8.96,5.0,2.1,8.87,5.0
Central African Republic,CAF,SSA,3.2,24.0,149.0,5.6,24.0,150.0,4.3,24.0,154.0,0.9,26.0,146.0,2.8,25.0,153.0,1.6,26.0,149.0,4.2,23.0,156.0,4.9,20.0,159.0,1.4,24.0,145.0,17.8,24.0,150.0,4,25.0,144.0,5.9,26.0,144.0,1.2,2.2,154.0,1.5,2.1,154.0,3.6,2.0,158.0,9.2,2.0,151.0,0.9,2.0,162.0,6.9,2.4,130.0,2.9,,,-2.6,,,4.4,,,2.3,,,4.1,,,3.4,,,-1.6,,,-2,,,1.6,,,3.8,,,19.2,,
Chad,TCD,SSA,2.7,20.0,162.0,6.9,19.0,167.0,-1.6,20.0,164.0,5.3,21.0,160.0,-1,20.0,162.0,4,19.0,165.0,-0.9,20.0,165.0,-1.6,20.0,159.0,4.8,22.0,147.0,1.7,22.0,154.0,0.2,19.0,163.0,7.5,19.0,165.0,2,2.0,168.0,-2.1,1.7,171.0,10.1,1.6,175.0,8.3,1.6,173.0,-7.4,1.8,172.0,9.6,2.0,156.0,4.4,1.7,158.0,-4.8,1.7,142.0,-1.8,,,5.2,,,12.4,,,3.8,,,-8.4,,,4.3,,,5.6,,,11.3,,,5.4,,
Chile,CHL,AME,7.6,66.0,29.0,11.6,67.0,27.0,4.5,67.0,27.0,3,67.0,25.0,2.2,67.0,26.0,2.3,67.0,27.0,2.2,67.0,26.0,3.8,66.0,24.0,4.3,70.0,23.0,4.7,73.0,21.0,1.8,71.0,22.0,3,72.0,20.0,3.3,7.2,22.0,1.4,7.2,21.0,1.5,6.7,25.0,8.7,6.9,23.0,4.4,7.0,22.0,3.4,7.3,20.0,3.1,7.3,21.0,1.1,7.4,20.0,2.8,7.4,20.0,2.5,7.5,17.0,3.6,7.5,18.0,3.8,7.4,18.0,3.3,6.9,19.0,5.1,6.8,20.0,6.1,6.05,23.0,7.4,6.8,21.0,8.2,7.94,14.0
China,CHN,AP,0.2,42.0,76.0,2,45.0,65.0,0.9,45.0,66.0,2.5,42.0,78.0,2.9,41.0,80.0,2.1,39.0,87.0,1.6,41.0,77.0,2,40.0,79.0,1.4,37.0,83.0,2,36.0,100.0,2.6,40.0,80.0,2.6,39.0,80.0,5.4,3.6,75.0,3.3,3.5,78.0,-0.7,3.6,79.0,5.8,3.6,72.0,4.8,3.5,72.0,1.5,3.3,70.0,1.8,3.2,78.0,3.9,3.4,71.0,1.2,3.4,66.0,-0.8,3.5,59.0,0.7,3.5,57.0,0.3,3.1,63.0,-1.4,3.4,58.0,-0.8,3.5,52.0,2.8,2.88,41.0,8.3,2.43,50.0,16.8,2.16,40.0
Colombia,COL,AME,11.7,40.0,87.0,10.2,39.0,91.0,3.5,39.0,87.0,2.5,39.0,92.0,3.5,37.0,96.0,3.2,36.0,99.0,4.3,37.0,96.0,7.5,37.0,90.0,5,37.0,83.0,2.9,37.0,94.0,2,36.0,94.0,3.2,36.0,94.0,3.4,3.4,80.0,2.3,3.5,78.0,4.2,3.7,75.0,7,3.8,70.0,5.5,3.8,68.0,4.3,3.9,59.0,5,4.0,55.0,5.9,3.8,60.0,7.1,3.7,59.0,6.3,3.6,57.0,8,3.8,50.0,9.2,3.2,60.0,10.9,2.9,72.0,18.7,2.2,79.0,18.5,2.23,50.0,20.8,2.73,42.0,20.9,3.44,31.0
Comoros,COM,SSA,8.5,20.0,162.0,12.4,19.0,167.0,0,20.0,164.0,0.8,21.0,160.0,3.7,25.0,153.0,1.7,27.0,144.0,0.1,27.0,148.0,0.8,24.0,153.0,0.9,26.0,136.0,0,26.0,142.0,0.4,28.0,127.0,5.9,28.0,133.0,2.2,2.4,143.0,3.9,2.1,154.0,4.8,2.3,143.0,4.8,2.5,134.0,4.5,2.6,123.0,3.4,,,3,,,4.5,,,3.7,,,3.6,,,5.6,,,5.9,,,1.1,,,1.2,,,1.5,,,2.4,,,3.2,,
Congo,COG,SSA,19.9,22.0,158.0,9.3,21.0,164.0,9,21.0,162.0,11.4,19.0,165.0,4.7,19.0,165.0,29.3,19.0,165.0,35.7,21.0,161.0,3.2,20.0,159.0,0.7,23.0,146.0,1.2,23.0,152.0,0.9,22.0,154.0,0.9,26.0,144.0,14.9,2.2,154.0,23.5,2.1,154.0,46.1,1.9,162.0,18,1.9,158.0,16.7,2.1,150.0,12.8,2.2,142.0,21.5,2.3,130.0,4,2.3,114.0,12.8,2.2,113.0,25.3,,,357.3,,,550,,,284.9,,,29.1,,,199,,,617,,,541.8,,
Costa Rica,CRI,AME,0.5,55.0,45.0,8.3,54.0,48.0,1.7,58.0,39.0,0.7,57.0,42.0,2.1,56.0,44.0,2.2,56.0,48.0,1.6,59.0,38.0,0,58.0,41.0,0.8,55.0,40.0,4.5,54.0,48.0,5.2,53.0,49.0,4.5,54.0,48.0,4.9,4.8,50.0,5.7,5.3,41.0,7.8,5.3,43.0,13.4,5.1,47.0,9.4,5.0,46.0,11.5,4.1,55.0,13.8,4.2,51.0,12.3,4.9,41.0,9.4,2.1,118.0,9.2,4.5,40.0,11.3,4.5,40.0,11,5.4,30.0,10,5.1,32.0,11.7,5.6,27.0,13.2,6.45,22.0,17.5,,,23.2,,
Costa Rica,CRI,AME,0.5,55.0,45.0,8.3,54.0,48.0,1.7,58.0,39.0,0.7,57.0,42.0,2.1,56.0,44.0,2.2,56.0,48.0,1.6,59.0,38.0,0,58.0,41.0,0.8,55.0,40.0,4.5,54.0,48.0,5.2,53.0,49.0,4.5,54.0,48.0,4.9,4.8,50.0,5.7,5.3,41.0,7.8,5.3,43.0,13.4,5.1,47.0,9.4,5.0,46.0,11.5,4.1,55.0,13.8,4.2,51.0,12.3,4.9,41.0,9.4,4.3,50.0,9.2,4.5,40.0,11.3,4.5,40.0,11,5.4,30.0,10,5.1,32.0,11.7,5.6,27.0,13.2,6.45,22.0,17.5,,,23.2,,
Croatia,HRV,WE/EU,8.4,50.0,57.0,10.7,50.0,57.0,2.7,47.0,63.0,0,47.0,63.0,0.8,47.0,63.0,1.6,48.0,60.0,1.3,49.0,57.0,-0.6,49.0,55.0,-0.3,51.0,50.0,0.2,48.0,61.0,2.3,48.0,57.0,3.4,46.0,62.0,2.2,4.0,66.0,1.1,4.1,69.0,2.2,4.1,66.0,5.8,4.4,62.0,2.7,4.1,64.0,3.3,3.4,69.0,3,3.4,70.0,2.1,3.5,67.0,2.4,4.6,43.0,2.5,3.8,51.0,4.3,3.9,47.0,4.6,3.7,51.0,4,2.7,74.0,6.7,,,3.7,,,3.6,,,2,,
Cyprus,CYP,WE/EU,3.9,53.0,49.0,8.1,52.0,51.0,2.2,53.0,52.0,-1.1,57.0,42.0,0.5,58.0,41.0,0.8,59.0,38.0,0.7,57.0,42.0,-1.2,55.0,47.0,-1.5,61.0,32.0,-0.3,63.0,31.0,0.4,63.0,31.0,3.1,66.0,29.0,3.5,6.3,30.0,2.6,6.3,28.0,0.2,6.6,27.0,4.4,6.4,31.0,2.2,5.3,39.0,2.3,5.6,37.0,2,5.7,37.0,1.9,5.4,36.0,4,3.9,54.0,2.8,,,2,,,4.9,,,1.1,,,2.3,,,3.3,,,2.6,,,2.6,,
Czechia,CZE,WE/EU,10.7,57.0,41.0,15.1,56.0,41.0,3.8,54.0,49.0,3.2,54.0,49.0,2.8,56.0,44.0,2.1,59.0,38.0,2.5,57.0,42.0,0.7,55.0,47.0,0.3,56.0,38.0,0.3,51.0,53.0,1.4,48.0,57.0,3.3,,,1.9,4.4,57.0,1.5,4.6,56.0,1,4.9,52.0,6.4,5.2,45.0,2.9,5.2,41.0,2.5,4.8,46.0,1.9,4.3,47.0,2.8,4.2,51.0,0.1,9.5,3.0,1.9,3.7,52.0,4.7,3.9,47.0,3.8,4.3,42.0,2.1,4.6,39.0,10.7,4.8,37.0,8.6,5.2,27.0,8.8,5.37,25.0,no data,,
CÃ´te d'Ivoire,CIV,SSA,4.4,40.0,87.0,5.2,37.0,99.0,4.2,36.0,105.0,2.4,36.0,104.0,0.8,35.0,106.0,0.6,35.0,105.0,0.6,36.0,103.0,0.6,34.0,108.0,1.2,32.0,106.0,0.5,32.0,115.0,2.6,27.0,136.0,1.3,29.0,130.0,4.9,2.2,154.0,1.8,2.2,154.0,0.5,2.1,154.0,1.7,2.0,151.0,1.9,2.1,150.0,2.5,2.1,151.0,3.9,1.9,152.0,1.5,2.0,133.0,3.3,3.7,59.0,3.1,2.7,71.0,4.4,2.4,77.0,2.5,2.7,71.0,0.7,2.6,75.0,4.5,3.1,59.0,6.3,,,2.7,,,14.1,,
Denmark,DNK,WE/EU,3.4,90.0,1.0,8.5,90.0,1.0,1.9,88.0,1.0,0.3,88.0,1.0,0.7,87.0,1.0,0.7,88.0,1.0,1.1,88.0,2.0,0,90.0,1.0,0.2,91.0,1.0,0.4,92.0,1.0,0.5,91.0,1.0,2.4,90.0,1.0,2.7,9.4,2.0,2.2,9.3,1.0,1,9.3,2.0,3.6,9.3,1.0,1.7,9.4,1.0,1.8,9.5,4.0,1.7,9.5,4.0,0.9,9.5,3.0,2,3.3,70.0,2.4,9.5,2.0,2.3,9.5,2.0,2.8,9.8,2.0,2,10.0,1.0,1.3,10.0,1.0,1.9,9.94,1.0,2.1,9.33,2.0,2,9.32,2.0
Djibouti,DJI,SSA,1.8,30.0,130.0,5.2,30.0,130.0,1.2,30.0,128.0,1.8,27.0,142.0,3.3,30.0,126.0,0.1,31.0,124.0,0.6,31.0,122.0,2.4,30.0,123.0,-0.5,34.0,98.0,1.3,34.0,107.0,1.1,36.0,94.0,4.2,36.0,94.0,5.2,3.0,100.0,2.5,3.2,98.0,5.6,2.8,111.0,8.7,3.0,102.0,5.9,2.9,105.0,3.5,,,3.3,,,2.4,,,1.6,,,1.4,,,1.9,,,1.2,,,-0.4,,,2.2,,,2.5,,,3.5,,,4.9,,
Dominica,DMA,AME,3.5,56.0,42.0,7.7,55.0,45.0,1.6,55.0,45.0,-0.7,55.0,48.0,1.5,55.0,48.0,1,57.0,45.0,0.3,57.0,42.0,0.1,59.0,38.0,-0.9,,,0.8,58.0,40.0,0,58.0,41.0,1.4,58.0,41.0,1.1,5.2,44.0,2.8,5.2,46.0,0,5.9,34.0,6.4,6.0,33.0,3.2,5.6,37.0,2.6,4.5,53.0,1.7,,,2.4,,,1.5,,,0.2,,,1.6,,,0.8,,,1.2,,,1,,,2.4,,,1.7,,,1.3,,
Dominican Republic,DOM,AME,4.8,35.0,108.0,8.8,32.0,123.0,8.2,30.0,128.0,3.8,28.0,137.0,1.8,28.0,137.0,3.6,30.0,129.0,3.3,29.0,135.0,1.6,31.0,120.0,0.8,33.0,102.0,3,32.0,115.0,4.8,29.0,123.0,3.7,32.0,118.0,8.5,2.6,129.0,6.3,3.0,105.0,1.4,3.0,99.0,10.6,3.0,102.0,6.1,3.0,99.0,7.6,2.8,99.0,4.2,3.0,85.0,51.5,2.9,87.0,27.4,2.2,113.0,5.2,3.5,59.0,8.9,3.1,63.0,7.7,,,6.5,,,4.8,,,8.3,,,5.4,,,12.5,,
Ecuador,ECU,AME,2.2,34.0,115.0,3.5,36.0,101.0,0.1,36.0,105.0,-0.3,39.0,92.0,0.3,38.0,93.0,-0.2,34.0,114.0,0.4,32.0,117.0,1.7,31.0,120.0,4,32.0,106.0,3.6,33.0,110.0,2.7,35.0,102.0,5.1,32.0,118.0,4.5,2.7,120.0,3.6,2.5,134.0,5.2,2.2,146.0,8.4,2.0,151.0,2.3,2.1,150.0,3.3,2.3,138.0,2.2,2.5,117.0,2.7,2.4,112.0,7.9,,,12.5,2.2,89.0,37.7,2.3,79.0,96.1,2.6,74.0,52.2,2.4,82.0,36.1,2.3,77.0,30.6,,,24.4,3.19,39.0,22.9,,
Egypt,EGY,MENA,24.4,35.0,108.0,8.5,30.0,130.0,4.5,33.0,117.0,5.7,33.0,117.0,13.9,35.0,106.0,20.9,35.0,105.0,23.5,32.0,117.0,10.2,34.0,108.0,11,36.0,88.0,10.1,37.0,94.0,6.9,32.0,114.0,8.7,32.0,118.0,11.1,2.9,112.0,11.7,3.1,105.0,16.2,2.8,111.0,11.7,2.8,115.0,10.9,2.9,105.0,4.3,3.3,70.0,8.7,3.4,70.0,8.2,3.2,77.0,3.4,3.3,70.0,2.3,3.4,62.0,2.4,3.6,54.0,2.8,3.1,63.0,3.7,3.3,63.0,5,2.9,66.0,6.2,,,7.1,2.84,41.0,9.4,,
El Salvador,SLV,AME,4,31.0,126.0,7.2,33.0,116.0,3.5,34.0,115.0,-0.4,36.0,104.0,0.1,34.0,113.0,1.1,35.0,105.0,1,33.0,112.0,0.6,36.0,95.0,-0.7,39.0,72.0,1.1,39.0,80.0,0.8,38.0,83.0,1.7,38.0,83.0,5.1,3.4,80.0,1.2,3.6,78.0,0.5,6.6,27.0,7.3,3.9,67.0,4.6,4.0,67.0,4,4.0,57.0,4.7,4.2,51.0,4.5,4.2,51.0,2.1,3.7,59.0,1.9,3.4,62.0,3.7,3.6,54.0,2.3,4.1,43.0,0.5,3.9,49.0,2.5,3.6,51.0,4.5,,,9.8,,,10,,
El Salvador,SLV,AME,4,31.0,126.0,7.2,33.0,116.0,3.5,34.0,115.0,-0.4,36.0,104.0,0.1,34.0,113.0,1.1,35.0,105.0,1,33.0,112.0,0.6,36.0,95.0,-0.7,39.0,72.0,1.1,39.0,80.0,0.8,38.0,83.0,1.7,38.0,83.0,5.1,3.4,80.0,1.2,3.6,78.0,0.5,3.4,84.0,7.3,3.9,67.0,4.6,4.0,67.0,4,4.0,57.0,4.7,4.2,51.0,4.5,4.2,51.0,2.1,3.7,59.0,1.9,3.4,62.0,3.7,3.6,54.0,2.3,4.1,43.0,0.5,3.9,49.0,2.5,3.6,51.0,4.5,,,9.8,,,10,,
Equatorial Guinea,GNQ,SSA,2.5,17.0,172.0,4.9,17.0,171.0,-0.1,17.0,172.0,4.8,16.0,174.0,1.2,16.0,173.0,1.3,16.0,172.0,0.7,17.0,171.0,1.4,,,1.7,,,4.3,,,3.2,19.0,163.0,3.4,20.0,163.0,4.8,1.9,172.0,5.3,1.9,168.0,5.7,1.8,168.0,4.7,1.7,171.0,2.8,1.9,168.0,4.5,2.1,151.0,5.6,1.9,152.0,4.2,,,7.3,,,7.6,,,8.7,,,4.8,,,0.4,,,7.9,,,3,,,4.5,,,19.9,,
Eritrea,ERI,SSA,no data,21.0,161.0,no data,22.0,162.0,no data,22.0,161.0,no data,21.0,160.0,1.3,23.0,160.0,-14.4,24.0,157.0,-13.3,20.0,165.0,-5.6,18.0,164.0,28.5,18.0,154.0,8.4,18.0,166.0,6.3,20.0,160.0,6,25.0,150.0,5.9,2.5,134.0,10.3,2.6,127.0,33.9,2.6,126.0,22.2,2.6,126.0,9.4,2.8,111.0,7.7,2.9,93.0,12.5,2.6,107.0,25.1,2.6,102.0,22.7,,,16.9,,,14.6,,,19.9,,,8.4,,,9.5,,,3.7,,,10.3,,,12,,
Estonia,EST,WE/EU,9.1,76.0,12.0,19.4,74.0,14.0,4.5,74.0,13.0,-0.6,75.0,17.0,2.3,74.0,18.0,3.4,73.0,18.0,3.7,71.0,21.0,0.8,70.0,22.0,0.1,70.0,23.0,0.5,69.0,27.0,3.2,68.0,28.0,4.2,64.0,32.0,5.1,6.4,29.0,2.7,6.5,26.0,0.2,6.6,27.0,10.6,6.6,27.0,6.7,6.5,28.0,4.4,6.7,24.0,4.1,6.4,27.0,3,6.0,31.0,1.4,5.5,33.0,3.6,5.6,29.0,5.6,5.6,28.0,3.9,5.7,27.0,3.1,5.7,27.0,8.8,5.7,26.0,9.3,,,19.7,,,29,,
Eswatini,SWZ,SSA,4.9,30.0,130.0,4.8,30.0,130.0,3.7,32.0,122.0,3.9,33.0,117.0,2.6,34.0,113.0,4.8,38.0,89.0,6.2,39.0,85.0,7.8,,,5,,,5.7,43.0,69.0,5.6,39.0,82.0,8.9,,,6.1,3.1,95.0,4.5,3.2,105.0,7.4,3.6,79.0,12.7,3.6,72.0,8.1,3.3,84.0,5.2,2.5,121.0,4.9,2.7,103.0,3.5,,,7.3,,,11.9,,,7.5,,,9.9,,,5.9,,,7.5,,,7.9,,,6.4,,,12.3,,
Ethiopia,ETH,SSA,30.2,37.0,98.0,33.9,38.0,94.0,26.8,39.0,87.0,20.4,38.0,94.0,15.8,37.0,96.0,13.8,34.0,114.0,10.7,35.0,107.0,6.6,34.0,108.0,9.6,33.0,102.0,7.4,33.0,110.0,8.1,33.0,111.0,24.1,33.0,113.0,33.2,2.7,120.0,8.1,2.7,123.0,8.5,2.7,120.0,44.4,2.6,126.0,17.2,2.4,138.0,13.6,2.4,130.0,11.7,2.2,137.0,3.2,2.3,114.0,17.8,2.5,92.0,1.7,3.5,59.0,-8.2,,,0.7,3.2,60.0,7.9,,,3.6,,,-6.4,,,0.9,,,13.4,,
Fiji,FJI,AP,2.3,52.0,53.0,4.3,53.0,49.0,0.2,55.0,45.0,-2.6,,,1.8,,,4.1,,,3.3,,,3.9,,,1.4,,,0.5,,,2.9,,,3.4,,,7.3,,,3.7,,,3.7,,,7.7,,,4.8,,,2.5,,,2.3,4.0,55.0,2.8,,,4.2,,,0.7,,,4.3,,,1.1,,,2,,,5.7,,,3.4,,,3,,,2.2,,
Finland,FIN,WE/EU,4.3,87.0,2.0,7.2,87.0,2.0,2.1,88.0,1.0,0.4,85.0,3.0,1.1,86.0,3.0,1.2,85.0,3.0,0.8,85.0,3.0,0.4,89.0,3.0,-0.2,90.0,3.0,1.2,89.0,3.0,2.2,89.0,3.0,3.2,90.0,1.0,3.3,9.4,2.0,1.7,9.2,4.0,1.6,8.9,6.0,3.9,9.0,5.0,1.6,9.4,1.0,1.3,9.6,1.0,0.8,9.6,2.0,0.1,9.7,1.0,1.3,9.7,1.0,2,9.7,1.0,2.7,9.9,1.0,3,10.0,1.0,1.3,9.8,2.0,1.3,9.6,2.0,1.2,9.48,2.0,1.1,9.05,4.0,0.4,9.12,4.0
France,FRA,WE/EU,5.7,71.0,20.0,5.9,72.0,21.0,2.1,71.0,22.0,0.5,69.0,23.0,1.3,69.0,23.0,2.1,72.0,21.0,1.2,70.0,23.0,0.3,69.0,23.0,0.1,70.0,23.0,0.6,69.0,27.0,1,71.0,22.0,2.2,71.0,22.0,2.3,7.0,25.0,1.7,6.8,25.0,0.1,6.9,24.0,3.2,6.9,23.0,1.6,7.3,19.0,1.9,7.4,18.0,1.9,7.5,18.0,2.3,7.1,22.0,2.2,6.9,23.0,1.9,6.3,25.0,1.8,6.7,23.0,1.8,6.7,21.0,0.6,6.6,22.0,0.7,6.7,21.0,1.3,6.66,20.0,2.1,6.96,19.0,1.8,7.0,18.0
Gabon,GAB,SSA,3.6,28.0,136.0,4.3,29.0,136.0,1.1,31.0,124.0,1.7,30.0,129.0,2,31.0,123.0,4.8,31.0,124.0,2.7,32.0,117.0,2.1,35.0,101.0,-0.1,34.0,98.0,4.5,37.0,94.0,0.5,34.0,106.0,2.7,35.0,102.0,1.3,3.0,100.0,1.4,2.8,116.0,1.9,2.9,106.0,5.3,3.1,96.0,-1,3.3,84.0,-1.4,3.0,90.0,1.2,2.9,88.0,0.4,3.3,74.0,2.1,,,0.2,,,2.1,,,0.5,,,-1.9,,,1.4,,,4,,,0.7,,,9.6,,
Gambia,GMB,SSA,17,37.0,98.0,11.5,34.0,110.0,7.4,37.0,102.0,5.9,37.0,102.0,7.1,37.0,96.0,6.5,37.0,93.0,8,30.0,130.0,7.2,26.0,145.0,6.8,28.0,123.0,6.3,29.0,126.0,5.2,28.0,127.0,4.6,34.0,105.0,4.8,3.5,77.0,5,3.2,98.0,4.6,2.9,106.0,4.5,1.9,158.0,5.4,2.3,143.0,2.1,2.5,121.0,5,2.7,103.0,14.3,2.8,90.0,17,2.5,92.0,8.6,,,4.5,,,0.9,,,3.8,,,1.1,,,2.8,,,1.1,,,7,,
Georgia,GEO,ECA,2.5,53.0,49.0,11.9,56.0,41.0,9.6,55.0,45.0,5.2,56.0,45.0,4.9,56.0,44.0,2.6,58.0,41.0,6,56.0,46.0,2.1,57.0,44.0,4,52.0,48.0,3.1,52.0,51.0,-0.5,49.0,55.0,-0.9,52.0,51.0,8.5,4.1,64.0,7.1,3.8,73.0,1.7,4.1,66.0,10,3.9,67.0,9.2,3.4,79.0,9.2,2.8,99.0,8.2,2.3,130.0,5.7,2.0,133.0,4.8,1.8,124.0,5.6,2.4,85.0,4.7,,,4,,,19.1,2.3,84.0,3.6,,,7.2,,,no data,,,no data,,
Germany,DEU,WE/EU,6,78.0,9.0,8.7,79.0,9.0,3.2,80.0,10.0,0.4,80.0,9.0,1.4,80.0,9.0,1.9,80.0,11.0,1.7,81.0,12.0,0.4,81.0,10.0,0.7,81.0,11.0,0.8,79.0,12.0,1.6,78.0,12.0,2.2,79.0,13.0,2.5,8.0,14.0,1.1,7.9,15.0,0.2,8.0,14.0,2.8,7.9,14.0,2.3,7.8,16.0,1.8,8.0,16.0,1.9,8.2,16.0,1.8,8.2,15.0,1.1,7.7,16.0,1.3,7.3,18.0,1.9,7.4,20.0,1.4,7.6,17.0,0.6,8.0,14.0,0.6,7.9,15.0,1.5,8.23,13.0,1.3,8.27,13.0,1.7,8.14,13.0
Ghana,GHA,SSA,37.5,43.0,70.0,31.7,43.0,72.0,10,43.0,73.0,9.9,43.0,75.0,7.1,41.0,80.0,9.8,41.0,78.0,12.4,40.0,81.0,17.5,43.0,70.0,17.2,47.0,56.0,15.5,48.0,61.0,11.7,46.0,63.0,7.1,45.0,64.0,7.7,3.9,69.0,6.7,4.1,68.0,13.1,3.9,69.0,16.5,3.9,67.0,10.7,3.7,69.0,11.7,3.3,70.0,15.1,3.5,65.0,12.7,3.6,64.0,26.6,3.3,70.0,14.8,3.9,50.0,32.9,3.4,59.0,25.1,3.5,52.0,12.5,3.3,63.0,19.2,3.3,55.0,24.8,,,44.5,,,59.3,,
Greece,GRC,WE/EU,4.2,49.0,59.0,9.3,52.0,51.0,0.6,49.0,58.0,-1.3,50.0,59.0,0.5,48.0,60.0,0.8,45.0,67.0,1.1,48.0,59.0,0,44.0,69.0,-1.1,46.0,58.0,-1.4,43.0,69.0,-0.9,40.0,80.0,1,36.0,94.0,3.1,3.4,80.0,4.7,3.5,85.0,1.3,3.8,71.0,4.2,4.7,57.0,3,4.6,56.0,3.3,4.4,54.0,3.5,4.3,47.0,3,4.3,49.0,3.4,4.3,50.0,3.9,4.2,44.0,3.6,4.2,42.0,2.9,4.9,35.0,2.1,4.9,36.0,4.5,4.9,36.0,5.4,5.35,25.0,7.9,5.01,28.0,8.8,4.04,30.0
Grenada,GRD,AME,3,53.0,49.0,2.6,52.0,51.0,1.2,53.0,52.0,-0.7,53.0,52.0,0.6,53.0,51.0,0.8,52.0,53.0,0.9,52.0,52.0,1.7,56.0,46.0,-0.6,,,-1,,,0,,,2.4,,,3,,,3.4,,,-0.3,,,8,,,3.9,3.4,79.0,4.3,3.5,66.0,3.5,,,2.3,,,2.2,,,1.1,,,1.7,,,2.1,,,0.6,,,1.4,,,1.2,,,2,,,3,,
Guatemala,GTM,AME,6.2,23.0,154.0,6.9,24.0,150.0,4.3,25.0,150.0,3.2,25.0,149.0,3.7,26.0,146.0,3.7,27.0,144.0,4.4,28.0,143.0,4.4,28.0,136.0,2.4,28.0,123.0,3.4,32.0,115.0,4.3,29.0,123.0,3.8,33.0,113.0,6.2,2.7,120.0,3.9,3.2,101.0,1.9,3.4,84.0,11.4,3.1,96.0,6.8,2.8,111.0,6.6,2.6,111.0,9.1,2.5,117.0,7.6,2.2,122.0,5.6,2.4,100.0,8.1,2.5,81.0,7.3,2.9,65.0,6,,,5.2,3.2,68.0,6.6,3.1,59.0,9.2,,,11.1,,,8.4,,
Guinea,GIN,SSA,7.8,26.0,141.0,10.5,25.0,147.0,12.6,25.0,150.0,10.6,28.0,137.0,9.5,29.0,130.0,9.8,28.0,138.0,8.9,27.0,148.0,8.2,27.0,142.0,8.2,25.0,139.0,9.7,25.0,145.0,11.9,24.0,150.0,15.2,24.0,154.0,21.4,2.1,164.0,15.5,2.0,164.0,4.7,1.8,168.0,18.4,1.6,173.0,22.9,1.9,168.0,34.7,1.9,160.0,31.4,,,17.5,,,11,,,3,,,5.4,,,6.8,,,4.6,,,5.1,,,1.9,,,3,,,5.6,,
Guinea-Bissau,GNB,SSA,7.2,22.0,158.0,7.9,21.0,164.0,3.3,21.0,162.0,1.5,19.0,165.0,0.3,18.0,168.0,0.4,16.0,172.0,-0.2,17.0,171.0,2.7,16.0,168.0,1.5,17.0,158.0,-1,19.0,161.0,0.8,19.0,163.0,2.1,25.0,150.0,5.1,2.2,154.0,1.1,2.1,154.0,-1.6,1.9,162.0,10.4,1.9,158.0,4.6,2.2,147.0,2,,,3.4,,,0.8,,,-3.5,,,3.3,,,3.3,,,8.6,,,-2.1,,,8.1,,,49.1,,,50.9,,,45.1,,
Guyana,GUY,AME,4.5,40.0,87.0,6.5,40.0,85.0,3.3,39.0,87.0,1.2,41.0,83.0,2.1,40.0,85.0,1.3,37.0,93.0,1.9,38.0,91.0,0.8,34.0,108.0,-0.9,29.0,119.0,0.7,30.0,124.0,1.9,27.0,136.0,2.4,28.0,133.0,4.4,2.5,134.0,4.3,2.7,123.0,3,2.6,126.0,8.1,2.6,126.0,12.2,2.6,123.0,6.7,2.5,121.0,6.9,2.5,117.0,4.7,,,6,,,5.4,,,2.6,,,6.1,,,7.5,,,4.6,,,3.6,,,7.1,,,12.2,,
Haiti,HTI,AME,44.1,17.0,172.0,27.6,17.0,171.0,15.9,20.0,164.0,22.9,18.0,170.0,17.3,18.0,168.0,11.4,20.0,161.0,10.6,22.0,157.0,11.4,20.0,159.0,5.3,17.0,158.0,3.2,19.0,161.0,5.3,19.0,163.0,5.7,19.0,165.0,5.2,1.8,175.0,2.9,2.2,154.0,5.6,1.8,168.0,12.5,1.4,177.0,6.9,1.6,177.0,13,1.8,163.0,14.1,1.8,155.0,25.7,1.5,145.0,22.2,1.5,131.0,6.6,2.2,89.0,15.5,,,6.4,,,2.8,,,6.6,,,11.6,,,20.6,,,30.2,,
Honduras,HND,AME,6.7,23.0,154.0,9.1,23.0,157.0,4.5,23.0,157.0,3.5,24.0,157.0,4.4,26.0,146.0,4.3,29.0,132.0,3.9,29.0,135.0,2.7,30.0,123.0,3.2,31.0,111.0,6.1,29.0,126.0,5.2,26.0,140.0,5.2,28.0,133.0,6.8,2.6,129.0,4.7,2.4,143.0,5.5,2.5,130.0,11.4,2.6,126.0,6.9,2.5,131.0,5.6,2.5,121.0,8.8,2.6,107.0,8.1,2.3,114.0,7.7,2.3,106.0,7.7,2.7,71.0,9.7,2.7,71.0,11,,,11.7,1.8,94.0,13.7,1.7,83.0,20.2,,,23.8,,,29.4,,
Hong Kong,HKG,AP,2.1,75.0,14.0,1.9,76.0,12.0,1.6,76.0,12.0,0.3,77.0,11.0,2.9,76.0,16.0,2.4,76.0,14.0,1.5,77.0,13.0,2.4,77.0,15.0,3,75.0,18.0,4.4,74.0,17.0,4.3,75.0,15.0,4.1,77.0,14.0,5.3,8.4,12.0,2.3,8.4,13.0,0.6,8.2,12.0,4.3,8.1,12.0,2,8.3,14.0,2,8.3,15.0,0.9,8.3,15.0,-0.4,8.0,16.0,-2.6,8.0,14.0,-3,8.2,14.0,-1.6,7.9,14.0,-3.7,7.7,15.0,-4,7.7,15.0,2.8,7.8,16.0,5.8,7.28,18.0,6.3,7.01,18.0,9,7.12,17.0
Hungary,HUN,WE/EU,17.1,42.0,76.0,14.6,42.0,77.0,5.1,43.0,73.0,3.3,44.0,69.0,3.4,44.0,70.0,2.8,46.0,64.0,2.4,45.0,66.0,0.4,48.0,57.0,-0.1,51.0,50.0,-0.2,54.0,48.0,1.7,54.0,47.0,5.7,55.0,46.0,3.9,4.6,54.0,4.9,4.7,53.0,4.2,5.1,46.0,6.1,5.1,47.0,8,5.3,39.0,3.9,5.2,41.0,3.6,5.0,40.0,6.8,4.8,42.0,4.7,4.8,40.0,5.3,4.9,33.0,9.2,5.3,31.0,9.8,5.2,32.0,10,5.2,31.0,14.2,5.0,33.0,18.3,5.18,28.0,23.5,4.86,31.0,28.3,4.12,28.0
Iceland,ISL,WE/EU,8.7,72.0,19.0,8.3,74.0,14.0,4.5,74.0,13.0,2.8,75.0,17.0,3,78.0,11.0,2.7,76.0,14.0,1.8,77.0,13.0,1.7,78.0,14.0,1.6,79.0,13.0,2,79.0,12.0,3.9,78.0,12.0,5.2,82.0,11.0,4,8.3,13.0,5.4,8.5,11.0,12,8.0,14.0,12.7,8.9,7.0,5.1,9.2,6.0,6.7,9.6,1.0,4,9.7,1.0,3.2,9.5,3.0,2.1,9.6,2.0,5.2,9.4,4.0,6.4,9.2,4.0,5.1,9.1,6.0,3.2,9.2,5.0,1.7,9.3,5.0,1.8,,,2.3,,,1.7,,
Iceland,ISL,WE/EU,8.7,72.0,19.0,8.3,74.0,14.0,4.5,74.0,13.0,2.8,75.0,17.0,3,78.0,11.0,2.7,76.0,14.0,1.8,77.0,13.0,1.7,78.0,14.0,1.6,79.0,13.0,2,79.0,12.0,3.9,78.0,12.0,5.2,82.0,11.0,4,8.3,13.0,5.4,8.5,11.0,12,8.7,8.0,12.7,8.9,7.0,5.1,9.2,6.0,6.7,9.6,1.0,4,9.7,1.0,3.2,9.5,3.0,2.1,9.6,2.0,5.2,9.4,4.0,6.4,9.2,4.0,5.1,9.1,6.0,3.2,9.2,5.0,1.7,9.3,5.0,1.8,,,2.3,,,1.7,,
India,IND,AP,5.4,39.0,93.0,6.7,40.0,85.0,5.5,40.0,85.0,6.2,40.0,86.0,4.8,41.0,80.0,3.4,41.0,78.0,3.6,40.0,81.0,4.5,40.0,79.0,4.9,38.0,76.0,5.8,38.0,85.0,9.4,36.0,94.0,10,36.0,94.0,8.1,3.1,95.0,9.4,3.3,91.0,10.6,3.4,84.0,9.2,3.4,85.0,5.9,3.5,72.0,6.7,3.3,70.0,3.7,2.9,88.0,4,2.8,90.0,4.1,2.8,83.0,5,2.7,71.0,4.4,2.7,71.0,3.8,2.8,69.0,3.4,2.9,72.0,13.1,2.9,66.0,6.8,2.75,45.0,9.4,2.63,46.0,10,2.78,35.0
Indonesia,IDN,AP,3.7,34.0,115.0,4.1,34.0,110.0,1.6,38.0,96.0,2,37.0,102.0,2.8,40.0,85.0,3.3,38.0,89.0,3.8,37.0,96.0,3.5,37.0,90.0,6.4,36.0,88.0,6.4,34.0,107.0,6.4,32.0,114.0,4,32.0,118.0,5.3,3.0,100.0,5.1,2.8,116.0,4.8,2.8,111.0,9.9,2.6,126.0,6.3,2.3,143.0,13.1,2.4,130.0,10.5,2.2,137.0,6.1,2.0,133.0,6.8,1.9,122.0,11.9,1.9,96.0,11.5,1.9,88.0,3.7,1.7,85.0,20.5,1.7,96.0,58.4,2.0,80.0,6.2,2.72,46.0,8,2.65,45.0,9.4,1.94,41.0
Iran,IRN,MENA,41.5,24.0,149.0,45.8,25.0,147.0,40.2,25.0,150.0,36.4,25.0,149.0,34.7,26.0,146.0,30.2,28.0,138.0,9.6,30.0,130.0,9.1,29.0,131.0,11.9,27.0,130.0,15.6,27.0,136.0,34.7,25.0,144.0,30.6,28.0,133.0,21.5,2.7,120.0,12.3,2.2,154.0,10.8,1.8,168.0,25.3,2.3,141.0,18.4,2.5,131.0,12,2.7,105.0,10.3,2.9,88.0,15.3,2.9,87.0,15.6,3.0,78.0,15.8,,,11.5,,,12.3,,,20.2,,,18.5,,,16.5,,,23.9,,,49.3,,
Iraq,IRQ,MENA,4.4,23.0,154.0,5,23.0,157.0,6,23.0,157.0,0.6,21.0,160.0,-0.2,20.0,162.0,0.4,18.0,168.0,0.2,18.0,169.0,0.5,17.0,166.0,1.4,16.0,161.0,2.2,16.0,170.0,1.9,16.0,171.0,6.1,18.0,169.0,5.6,1.8,175.0,2.4,1.5,175.0,-2.8,1.5,176.0,2.7,1.3,178.0,30.8,1.5,178.0,53.2,1.9,160.0,37,2.2,137.0,no data,2.1,129.0,no data,2.2,113.0,no data,,,no data,,,no data,,,no data,,,no data,,,no data,,,no data,,,no data,,
Ireland,IRL,WE/EU,5.2,77.0,11.0,8,77.0,10.0,2.4,74.0,13.0,-0.4,72.0,20.0,0.9,74.0,18.0,0.7,73.0,18.0,0.3,74.0,19.0,-0.2,73.0,19.0,0,75.0,18.0,0.3,74.0,17.0,0.5,72.0,21.0,1.9,69.0,25.0,1.2,7.5,19.0,-1.6,8.0,14.0,-1.7,,,3.1,7.7,16.0,2.9,7.5,17.0,2.7,7.4,18.0,2.2,7.4,19.0,2.3,7.5,17.0,4,7.5,18.0,4.7,6.9,23.0,4,7.5,18.0,5.3,7.2,19.0,2.4,7.7,15.0,2.1,8.2,14.0,1.3,8.28,12.0,2.2,8.45,11.0,2.5,8.57,11.0
Israel,ISR,MENA,4.2,62.0,33.0,4.4,63.0,31.0,1.5,59.0,36.0,-0.6,60.0,35.0,0.8,60.0,35.0,0.8,61.0,34.0,0.2,62.0,32.0,-0.5,64.0,28.0,-0.6,61.0,32.0,0.5,60.0,38.0,1.5,61.0,36.0,1.7,60.0,39.0,3.5,5.8,36.0,2.7,6.1,30.0,3.3,6.1,32.0,4.6,6.0,33.0,0.5,6.1,30.0,2.1,5.9,34.0,1.3,6.3,28.0,-0.4,6.4,26.0,0.7,7.0,21.0,5.7,7.3,18.0,1.1,7.6,16.0,1.1,6.6,22.0,5.2,6.8,20.0,5.4,7.1,19.0,9,7.97,15.0,11.3,7.71,14.0,10,,
Italy,ITA,WE/EU,5.9,56.0,42.0,8.7,56.0,41.0,1.9,56.0,42.0,-0.1,53.0,52.0,0.6,53.0,51.0,1.2,52.0,53.0,1.3,50.0,54.0,-0.1,47.0,60.0,0.1,44.0,61.0,0.2,43.0,69.0,1.2,43.0,69.0,3.3,42.0,72.0,2.9,3.9,69.0,1.6,3.9,69.0,0.8,4.3,63.0,3.5,4.8,55.0,2,5.2,41.0,2.2,4.9,45.0,2.2,5.0,40.0,2.3,4.8,42.0,2.8,5.3,35.0,2.6,5.2,31.0,2.3,5.5,29.0,2.6,4.6,39.0,1.7,4.7,38.0,2,4.6,39.0,1.8,5.03,30.0,4,3.42,34.0,5.4,2.99,33.0
Jamaica,JAM,AME,6.5,44.0,69.0,10.3,44.0,69.0,5.9,44.0,70.0,5.2,44.0,69.0,3.9,43.0,74.0,3.7,44.0,70.0,4.4,44.0,68.0,2.3,39.0,83.0,3.7,41.0,69.0,8.3,38.0,85.0,9.4,38.0,83.0,6.9,38.0,83.0,7.5,3.3,86.0,12.6,3.3,91.0,9.6,3.0,99.0,22,3.1,96.0,9.3,3.3,84.0,8.5,3.7,61.0,15.1,3.6,64.0,13.5,3.3,74.0,10.1,3.8,57.0,7,4.0,45.0,6.9,,,8.1,,,6,3.8,50.0,8.6,3.8,49.0,9.7,,,26.4,,,19.9,,
Japan,JPN,AP,3.3,73.0,16.0,2.5,73.0,18.0,-0.2,73.0,18.0,0,74.0,19.0,0.5,73.0,20.0,1,73.0,18.0,0.5,73.0,20.0,-0.1,72.0,20.0,0.8,75.0,18.0,2.8,76.0,15.0,0.3,74.0,18.0,0,74.0,17.0,-0.3,8.0,14.0,-0.7,7.8,17.0,-1.3,7.7,17.0,1.4,7.3,18.0,0,7.5,17.0,0.3,7.6,17.0,-0.3,7.3,21.0,0,6.9,24.0,-0.3,7.0,21.0,-0.9,7.1,20.0,-0.7,7.1,21.0,-0.7,6.4,23.0,-0.3,6.0,25.0,0.7,5.8,25.0,1.7,6.57,21.0,0.1,7.05,17.0,-0.1,6.72,20.0
Jordan,JOR,MENA,2.2,46.0,63.0,4.2,47.0,61.0,1.3,49.0,58.0,0.4,49.0,60.0,0.7,48.0,60.0,4.5,49.0,58.0,3.6,48.0,59.0,-0.6,48.0,57.0,-1.1,53.0,45.0,3,49.0,55.0,4.9,45.0,66.0,4.6,48.0,58.0,4.2,4.5,56.0,4.9,4.7,54.0,-1.3,5.0,49.0,12.7,5.1,47.0,4.3,4.7,53.0,6.3,5.3,40.0,3.5,5.7,37.0,3.4,5.3,37.0,1.6,4.6,43.0,1.8,4.5,40.0,1.8,4.9,37.0,0.7,4.6,39.0,0.6,4.4,41.0,3.1,4.7,38.0,3,,,6.5,4.89,30.0,2.4,,
Kazakhstan,KAZ,ECA,14.6,39.0,93.0,15,36.0,101.0,8,37.0,102.0,6.8,38.0,94.0,5.2,34.0,113.0,6,31.0,124.0,7.4,31.0,122.0,14.6,29.0,131.0,6.7,28.0,123.0,6.7,29.0,126.0,5.8,26.0,140.0,5.1,28.0,133.0,8.4,2.7,120.0,7.1,2.9,110.0,7.3,2.7,120.0,17.1,2.2,145.0,10.8,2.1,150.0,8.6,2.6,111.0,7.5,2.6,107.0,6.9,2.2,122.0,6.4,2.4,100.0,5.9,2.3,88.0,8.4,2.7,71.0,13.2,3.0,65.0,8.3,2.3,84.0,7.1,,,17.4,,,39.2,,,176.4,,
Kenya,KEN,SSA,7.7,31.0,126.0,7.6,32.0,123.0,6.1,30.0,128.0,5.3,31.0,124.0,5.2,28.0,137.0,4.7,27.0,144.0,8,28.0,143.0,6.3,26.0,145.0,6.6,25.0,139.0,6.9,25.0,145.0,5.7,27.0,136.0,9.4,27.0,139.0,14,2.2,154.0,4.1,2.1,154.0,10.5,2.2,146.0,15.1,2.1,147.0,4.3,2.1,150.0,6,2.2,142.0,9.9,2.1,144.0,11.8,2.1,129.0,9.8,1.9,122.0,2,1.9,96.0,5.7,2.0,74.0,10,2.1,82.0,5.8,2.0,90.0,5.4,2.5,74.0,11.3,,,6.8,2.21,52.0,1.6,,
Korea (South),KOR,AP,3.6,63.0,32.0,5.1,63.0,31.0,2.5,62.0,32.0,0.5,61.0,33.0,0.4,59.0,39.0,1.5,57.0,45.0,1.9,54.0,51.0,1,53.0,52.0,0.7,54.0,43.0,1.3,55.0,44.0,1.3,55.0,46.0,2.2,56.0,45.0,4,5.4,43.0,2.9,5.4,41.0,2.8,5.5,39.0,4.7,5.6,40.0,2.5,5.1,43.0,2.2,5.1,42.0,2.8,5.0,40.0,3.6,4.5,47.0,3.5,4.3,50.0,2.8,4.5,40.0,4.1,4.2,42.0,2.3,4.0,48.0,0.8,3.8,50.0,7.5,4.2,43.0,4.4,4.29,34.0,4.9,5.02,27.0,4.5,4.29,27.0
Kosovo,KSV,ECA,5.2,41.0,83.0,11.7,41.0,84.0,3.3,39.0,87.0,0.2,36.0,104.0,2.7,36.0,101.0,1.1,37.0,93.0,1.5,39.0,85.0,0.2,,,-0.5,,,0.4,,,1.8,,,2.5,34.0,105.0,7.3,2.9,112.0,3.5,2.8,116.0,-2.4,,,9.3,,,4.3,,,0.6,,,-1.4,,,-1.1,,,1.2,,,2.7,,,11.7,,,no data,,,no data,,,no data,,,no data,,,no data,,,no data,,
Kuwait,KWT,MENA,3.6,46.0,63.0,4,42.0,77.0,3.4,43.0,73.0,2.1,42.0,78.0,1.1,40.0,85.0,0.6,41.0,78.0,1.6,39.0,85.0,2.9,41.0,75.0,3.3,49.0,55.0,2.9,44.0,67.0,no data,43.0,69.0,no data,44.0,66.0,no data,4.6,54.0,no data,4.5,56.0,no data,4.1,66.0,no data,4.3,65.0,no data,4.3,60.0,no data,4.8,46.0,no data,4.7,45.0,no data,4.6,44.0,no data,5.3,35.0,no data,,,no data,,,no data,,,no data,,,no data,,,no data,,,no data,,,no data,,
Kyrgyzstan,KGZ,ECA,10.8,26.0,141.0,13.9,27.0,140.0,11.9,27.0,144.0,6.3,31.0,124.0,1.1,30.0,126.0,1.5,29.0,132.0,3.2,29.0,135.0,0.4,28.0,136.0,6.5,28.0,123.0,7.5,27.0,136.0,6.6,24.0,150.0,2.8,24.0,154.0,16.6,2.1,164.0,8,2.0,164.0,6.8,1.9,162.0,24.5,1.8,166.0,10.2,2.1,150.0,5.6,2.2,142.0,4.3,2.3,130.0,4.1,2.2,122.0,3,2.1,118.0,2.1,,,6.9,,,19.7,,,35.9,2.2,87.0,10.5,,,23.4,,,31.9,,,42.2,,
Laos,LAO,AP,31.2,28.0,136.0,23,31.0,126.0,3.8,30.0,128.0,5.1,29.0,134.0,3.3,29.0,130.0,2,29.0,132.0,0.8,29.0,135.0,1.6,30.0,123.0,1.3,25.0,139.0,4.1,25.0,145.0,6.4,26.0,140.0,4.3,21.0,160.0,7.6,2.2,154.0,6,2.1,154.0,0.1,2.0,158.0,7.6,2.0,151.0,4.7,1.9,168.0,6.5,2.6,111.0,7.2,3.3,77.0,10.5,,,15.5,,,10.6,,,7.8,,,8.4,,,128.4,,,90.1,,,19.5,,,19.1,,,19.1,,
Latvia,LVA,WE/EU,9.1,60.0,36.0,17.2,59.0,39.0,3.2,59.0,36.0,0.1,57.0,42.0,2.7,56.0,44.0,2.6,58.0,41.0,2.9,58.0,40.0,0.1,57.0,44.0,0.2,56.0,38.0,0.7,55.0,44.0,0,53.0,49.0,2.3,49.0,54.0,4.2,4.2,61.0,-1.2,4.3,62.0,3.3,4.5,56.0,15.3,5.0,52.0,10.1,4.8,51.0,6.6,4.7,49.0,6.9,4.2,51.0,6.2,4.0,57.0,2.9,3.8,57.0,2,3.7,52.0,2.5,3.4,59.0,2.6,3.4,57.0,2.1,3.4,58.0,4.3,2.7,71.0,8.1,,,17.6,,,25,,
Lebanon,LBN,MENA,no data,24.0,149.0,171.2,24.0,150.0,154.8,24.0,154.0,84.9,25.0,149.0,2.9,28.0,137.0,6.1,28.0,138.0,4.5,28.0,143.0,-0.8,28.0,136.0,-3.8,28.0,123.0,1.1,27.0,136.0,5.6,28.0,127.0,6.6,30.0,128.0,5,2.5,134.0,4,2.5,134.0,1.2,2.5,130.0,10.7,3.0,102.0,4.1,3.0,99.0,4.1,3.6,63.0,-1.4,3.1,83.0,1.7,2.7,97.0,1.3,3.0,78.0,1.8,,,-0.4,,,-0.4,,,0.2,,,4.5,,,7.7,,,8.9,,,10.3,,
Lesotho,LSO,SSA,6.3,39.0,93.0,8.3,37.0,99.0,6,38.0,96.0,5,41.0,83.0,5.2,40.0,85.0,4.8,41.0,78.0,4.4,42.0,74.0,6.6,39.0,83.0,3.2,44.0,61.0,5.4,49.0,55.0,4.9,49.0,55.0,6.1,45.0,64.0,5,3.5,77.0,3.5,3.5,85.0,7.4,3.3,89.0,10.7,3.2,92.0,8,3.3,84.0,6.1,3.2,79.0,3.4,3.4,70.0,5,,,7.2,,,12.6,,,6.9,,,6.1,,,8.6,,,7.8,,,8.5,,,9.1,,,10,,
Liberia,LBR,SSA,10.1,25.0,145.0,7.6,26.0,142.0,7.8,29.0,136.0,17,28.0,137.0,27,28.0,137.0,23.5,32.0,120.0,12.4,31.0,122.0,8.8,37.0,90.0,7.7,37.0,83.0,9.9,37.0,94.0,7.6,38.0,83.0,6.8,41.0,75.0,8.5,3.2,91.0,7.3,3.3,91.0,7.4,3.1,97.0,17.5,2.4,138.0,11.4,2.1,150.0,9.5,,,6.9,2.2,137.0,3.6,,,10.3,,,14.2,,,12.1,,,5.3,,,2,,,no data,,,no data,,,no data,,,no data,,
Libya,LBY,MENA,3.4,18.0,170.0,4.5,17.0,171.0,2.9,17.0,172.0,1.5,17.0,173.0,-2.9,18.0,168.0,14,17.0,170.0,25.9,17.0,171.0,25.9,14.0,170.0,10,16.0,161.0,2.4,18.0,166.0,2.6,15.0,172.0,6.1,21.0,160.0,15.9,2.0,168.0,2.5,2.2,154.0,2.4,2.5,130.0,10.4,2.6,126.0,6.2,2.5,131.0,1.5,2.7,105.0,2.7,2.5,117.0,1.3,2.5,108.0,-2.1,2.1,118.0,-9.9,,,-8.8,,,-2.9,,,2.6,,,3.7,,,3.6,,,4,,,8.3,,
Lithuania,LTU,WE/EU,8.7,61.0,34.0,18.9,62.0,33.0,4.6,61.0,34.0,1.1,60.0,35.0,2.2,60.0,35.0,2.5,59.0,38.0,3.7,59.0,38.0,0.7,59.0,38.0,-0.7,59.0,36.0,0.2,58.0,40.0,1.2,57.0,43.0,3.2,54.0,48.0,4.1,4.8,50.0,1.2,5.0,49.0,4.2,4.9,52.0,11.1,4.6,58.0,5.8,4.8,51.0,3.8,4.8,46.0,2.7,4.8,44.0,1.2,4.6,44.0,-1.1,4.7,41.0,0.3,4.8,36.0,1.5,4.8,38.0,1.1,4.1,43.0,1.4,3.8,50.0,5.4,,,8.7,,,23.1,,,no data,,
Luxembourg,LUX,WE/EU,2.9,78.0,9.0,8.2,77.0,10.0,3.5,81.0,9.0,0,80.0,9.0,1.7,80.0,9.0,2,81.0,9.0,2.1,82.0,8.0,0,81.0,10.0,0.1,85.0,7.0,0.7,82.0,9.0,1.7,80.0,11.0,2.9,80.0,12.0,3.7,8.5,11.0,2.8,8.5,11.0,0,8.2,12.0,4.1,8.3,11.0,2.7,8.4,12.0,3,8.6,11.0,3.8,8.5,13.0,3.2,8.4,13.0,2.5,8.7,11.0,2.1,9.0,7.0,2.4,8.7,9.0,3.8,8.6,11.0,1,8.8,11.0,1,8.7,11.0,1.4,8.61,10.0,1.2,,,1.9,,
Madagascar,MDG,SSA,9.9,25.0,145.0,8.2,26.0,142.0,5.8,26.0,147.0,4.2,25.0,149.0,5.6,24.0,158.0,8.6,25.0,152.0,8.6,24.0,155.0,6.1,26.0,145.0,7.4,28.0,123.0,6.1,28.0,133.0,5.8,28.0,127.0,5.7,32.0,118.0,9.5,3.0,100.0,9.2,2.6,127.0,9,3.0,99.0,9.3,3.4,85.0,10.3,3.2,94.0,10.8,3.1,84.0,18.4,2.8,97.0,14,3.1,82.0,-1.7,2.6,88.0,16.5,1.7,98.0,7.9,,,11.6,,,7.2,,,6.2,,,4.5,,,19.8,,,49,,
Malawi,MWI,SSA,30.3,34.0,115.0,20.8,34.0,110.0,9.3,35.0,110.0,8.6,30.0,129.0,9.4,31.0,123.0,9.2,32.0,120.0,11.5,31.0,122.0,21.7,31.0,120.0,21.9,31.0,111.0,23.8,33.0,110.0,28.3,37.0,91.0,21.3,37.0,88.0,7.6,3.0,100.0,7.4,3.4,87.0,8.4,3.3,89.0,8.7,2.8,115.0,7.9,2.7,118.0,13.9,2.7,105.0,15.5,2.8,97.0,11.4,2.8,90.0,9.6,2.8,83.0,14.7,2.9,68.0,22.7,3.2,61.0,29.6,4.1,43.0,44.8,4.1,45.0,29.8,4.1,45.0,9.1,,,37.7,,,83.1,,
Malaysia,MYS,AP,2.5,50.0,57.0,3.4,47.0,61.0,2.5,48.0,62.0,-1.1,51.0,57.0,0.7,53.0,51.0,1,47.0,61.0,3.8,47.0,62.0,2.1,49.0,55.0,2.1,50.0,54.0,3.1,52.0,51.0,2.1,50.0,53.0,1.7,49.0,54.0,3.2,4.3,60.0,1.7,4.4,59.0,0.6,4.5,56.0,5.4,5.1,47.0,2,5.1,43.0,3.6,5.0,44.0,3,5.1,39.0,1.4,5.0,39.0,1.1,5.2,37.0,1.8,4.9,33.0,1.4,5.0,36.0,1.6,4.8,36.0,2.7,5.1,32.0,5.3,5.3,29.0,2.7,5.01,32.0,3.5,5.32,26.0,3.5,5.28,23.0
Maldives,MDV,AP,2.6,39.0,93.0,2.6,40.0,85.0,0.2,40.0,85.0,-1.6,43.0,75.0,1.3,29.0,130.0,1.4,31.0,124.0,2.3,33.0,112.0,0.8,36.0,95.0,1.4,,,2.4,,,4,,,10.9,,,11.3,2.5,134.0,6.1,2.3,146.0,4.5,2.5,130.0,12,2.8,115.0,6.8,3.3,84.0,3.5,,,2.5,,,6.3,,,-2.8,,,0.9,,,0.7,,,-1.2,,,3,,,-1.4,,,7.6,,,6.2,,,5.5,,
Mali,MLI,SSA,2.1,28.0,136.0,9.7,28.0,137.0,3.8,29.0,136.0,0.5,30.0,129.0,-3,29.0,130.0,1.9,32.0,120.0,2.4,31.0,122.0,-1.8,32.0,116.0,1.4,35.0,95.0,0.9,32.0,115.0,-0.6,28.0,127.0,5.3,34.0,105.0,3,2.8,118.0,1.2,2.7,123.0,2.4,2.8,111.0,9.2,3.1,96.0,1.4,2.7,118.0,1.6,2.8,99.0,6.4,2.9,88.0,-3.1,3.2,77.0,-1.3,3.0,78.0,5,,,5.2,,,-0.8,,,-1.2,,,4.1,,,-0.7,,,6.5,,,11.6,,
Malta,MLT,WE/EU,5.7,51.0,55.0,6.1,51.0,54.0,0.7,54.0,49.0,0.8,53.0,52.0,1.5,54.0,50.0,1.7,54.0,51.0,1.3,56.0,46.0,0.9,55.0,47.0,1.2,60.0,34.0,0.8,55.0,44.0,1,56.0,45.0,3.2,57.0,43.0,2.5,5.6,39.0,2,5.6,39.0,1.8,5.2,45.0,4.7,5.8,36.0,0.7,5.8,33.0,2.6,6.4,28.0,2.5,6.6,25.0,2.7,6.8,25.0,1.9,,,2.6,,,2.5,,,3,,,2.3,,,3.7,,,3.9,,,2,,,4,,
Mauritania,MRT,SSA,4.9,30.0,130.0,9.6,30.0,130.0,3.6,28.0,140.0,2.4,29.0,134.0,2.3,28.0,137.0,3.1,27.0,144.0,2.3,28.0,143.0,1.5,27.0,142.0,0.5,31.0,111.0,3.8,30.0,124.0,4.1,30.0,119.0,4.9,31.0,123.0,5.7,2.4,143.0,6.3,2.3,146.0,2.1,2.5,130.0,7.5,2.8,115.0,7.3,2.6,123.0,6.2,3.1,84.0,12.1,,,10.4,,,5.2,,,3.9,,,4.7,,,3.3,,,4.1,,,8,,,4.6,,,4.7,,,6.5,,
Mauritius,MUS,SSA,7,51.0,55.0,10.8,50.0,57.0,4,54.0,49.0,2.5,53.0,52.0,0.5,52.0,56.0,3.2,51.0,56.0,3.7,50.0,54.0,1,54.0,50.0,1.3,53.0,45.0,3.2,54.0,48.0,3.5,52.0,52.0,3.9,57.0,43.0,6.5,5.1,46.0,2.9,5.4,41.0,2.5,5.4,42.0,9.7,5.5,41.0,8.8,4.7,53.0,8.9,5.1,42.0,4.9,4.2,51.0,4.7,4.1,54.0,2.7,4.4,48.0,6.4,4.5,40.0,5.4,4.5,40.0,4.2,4.7,37.0,6.9,4.9,36.0,6.8,5.0,33.0,6.8,,,6.6,,,6,,
Mexico,MEX,AME,5.5,31.0,126.0,7.9,31.0,126.0,5.7,31.0,124.0,3.4,31.0,124.0,3.6,29.0,130.0,4.9,28.0,138.0,6,29.0,135.0,2.8,30.0,123.0,2.7,31.0,111.0,4,35.0,103.0,3.8,34.0,106.0,4.1,34.0,105.0,3.4,3.0,100.0,4.2,3.1,105.0,5.3,3.3,89.0,5.1,3.6,72.0,4,3.5,72.0,3.6,3.3,70.0,4,3.5,65.0,4.7,3.6,64.0,4.6,3.6,64.0,5,3.6,57.0,6.4,3.7,51.0,9.5,3.3,59.0,16.6,3.4,58.0,15.9,3.3,55.0,20.6,2.66,47.0,34.3,3.3,38.0,35.1,3.18,32.0
Moldova,MDA,ECA,13.4,42.0,76.0,28.6,39.0,91.0,5.1,36.0,105.0,3.8,34.0,115.0,4.8,32.0,120.0,3.6,33.0,117.0,6.5,31.0,122.0,6.4,30.0,123.0,9.6,33.0,102.0,5.1,35.0,103.0,4.6,35.0,102.0,4.6,36.0,94.0,7.6,2.9,112.0,7.4,2.9,116.0,0,3.3,89.0,12.7,2.9,109.0,12.4,2.8,111.0,12.7,3.2,79.0,11.9,2.9,88.0,12.4,2.3,114.0,11.7,2.4,100.0,5.2,2.1,93.0,9.6,3.1,63.0,31.2,2.6,74.0,39.3,2.6,75.0,7.7,,,11.8,,,23.5,,,30.2,,
Mongolia,MNG,AP,10.3,33.0,121.0,15.2,33.0,116.0,7.4,35.0,110.0,3.7,35.0,111.0,7.3,35.0,106.0,6.8,37.0,93.0,4.3,36.0,103.0,0.8,38.0,87.0,6.8,39.0,72.0,12.9,39.0,80.0,10.6,38.0,83.0,13.9,36.0,94.0,8.8,2.7,120.0,8.2,2.7,127.0,7.6,2.7,120.0,28,3.0,102.0,9.6,3.0,99.0,4.3,2.8,99.0,12.7,3.0,85.0,8.2,3.0,85.0,5.1,,,1.1,,,6.3,,,11.4,,,7.5,4.3,43.0,9.6,,,30,,,46.8,,,0.2,,
Montenegro,MNE,ECA,8.6,46.0,63.0,13,45.0,65.0,2.4,46.0,64.0,-0.2,45.0,67.0,0.4,45.0,66.0,2.6,45.0,67.0,2.4,46.0,64.0,-0.3,,,1.5,,,-0.7,,,2.2,44.0,67.0,4.1,41.0,75.0,3.5,4.0,66.0,0.4,3.7,73.0,3.6,3.9,69.0,9,3.4,85.0,3.4,3.3,84.0,2.1,,,3.4,,,3.1,,,7.5,,,19.7,,,23.7,,,29.9,,,no data,,,no data,,,no data,,,no data,,,no data,,
Morocco,MAR,MENA,6.1,38.0,97.0,6.6,38.0,94.0,1.4,39.0,87.0,0.7,40.0,86.0,0.2,41.0,80.0,1.6,43.0,73.0,0.8,40.0,81.0,1.5,37.0,90.0,1.6,36.0,88.0,0.5,39.0,80.0,1.8,37.0,91.0,1.3,37.0,88.0,1,3.4,80.0,1,3.4,91.0,-0.2,3.3,89.0,3.8,3.5,80.0,2,3.5,72.0,3.2,3.2,79.0,1.1,3.2,78.0,1.5,3.2,77.0,1.1,3.3,70.0,2.8,3.7,52.0,0.6,,,1.8,4.7,37.0,0.8,4.1,45.0,2.7,3.7,50.0,1.1,,,2.8,,,6.3,,
Mozambique,MOZ,SSA,6.1,25.0,145.0,9.8,26.0,142.0,5.7,26.0,147.0,3.1,25.0,149.0,2.8,26.0,146.0,3.9,23.0,158.0,15.1,25.0,153.0,17.4,27.0,142.0,3.6,31.0,111.0,2.6,31.0,119.0,4.3,30.0,119.0,2.6,31.0,123.0,11.2,2.7,120.0,12.4,2.7,127.0,3.8,2.5,130.0,14.5,2.6,126.0,10.4,2.8,111.0,13.2,2.8,99.0,6.4,2.8,97.0,12.6,2.8,90.0,13.5,2.7,86.0,16.8,,,9.1,,,12.7,2.2,81.0,2.9,3.5,56.0,1.5,,,7.4,,,48.5,,,47.7,,
Myanmar,MMR,AP,27.1,20.0,162.0,18.4,23.0,157.0,3.6,28.0,140.0,5.7,28.0,137.0,8.6,29.0,130.0,5.9,29.0,132.0,4.6,30.0,130.0,9.1,28.0,136.0,7.3,22.0,147.0,5.7,21.0,156.0,6.4,21.0,157.0,0.4,15.0,172.0,6.8,1.5,180.0,5.9,1.4,176.0,3.7,1.4,178.0,20.9,1.3,178.0,34.4,1.4,179.0,16.6,1.9,160.0,6.9,1.8,155.0,8,1.7,142.0,47.5,1.6,129.0,21.9,,,-19.8,,,4.3,,,26.8,,,47.3,,,no data,,,no data,,,no data,,
Namibia,NAM,SSA,5.9,49.0,59.0,6.1,49.0,59.0,3.6,49.0,58.0,2.2,51.0,57.0,3.7,52.0,56.0,4.3,53.0,52.0,6.1,51.0,53.0,6.7,52.0,53.0,3.4,53.0,45.0,5.3,49.0,55.0,5.6,48.0,57.0,6.7,48.0,58.0,5,4.4,57.0,4.9,4.4,59.0,9.5,4.5,56.0,9.1,4.5,61.0,6.5,4.5,57.0,5,2.5,121.0,2.3,4.3,47.0,4.1,4.1,54.0,7.2,4.7,41.0,12.7,5.7,28.0,10.2,5.4,30.0,10.2,5.4,30.0,9.4,5.3,29.0,6.6,5.3,29.0,9.7,,,8.7,,,11.1,,
Namibia,NAM,SSA,5.9,49.0,59.0,6.1,49.0,59.0,3.6,49.0,58.0,2.2,51.0,57.0,3.7,52.0,56.0,4.3,53.0,52.0,6.1,51.0,53.0,6.7,52.0,53.0,3.4,53.0,45.0,5.3,49.0,55.0,5.6,48.0,57.0,6.7,48.0,58.0,5,4.4,57.0,4.9,4.4,59.0,9.5,4.5,56.0,9.1,4.5,61.0,6.5,4.5,57.0,5,4.1,55.0,2.3,4.3,47.0,4.1,4.1,54.0,7.2,4.7,41.0,12.7,5.7,28.0,10.2,5.4,30.0,10.2,5.4,30.0,9.4,5.3,29.0,6.6,5.3,29.0,9.7,,,8.7,,,11.1,,
Nepal,NPL,AP,7.8,35.0,108.0,6.3,34.0,110.0,3.6,33.0,117.0,6.1,33.0,117.0,4.6,34.0,113.0,4.1,31.0,124.0,4.5,31.0,122.0,9.9,29.0,131.0,7.2,27.0,130.0,9,29.0,126.0,9.9,31.0,116.0,8.3,27.0,139.0,9.6,2.2,154.0,9.6,2.2,154.0,12.6,2.3,143.0,6.7,2.7,121.0,6.2,2.5,131.0,8,,,4.5,2.5,117.0,4,2.8,90.0,4.7,,,2.9,,,2.4,,,3.4,,,11.4,,,8.3,,,8.1,,,7.2,,,7.7,,
Netherlands,NLD,WE/EU,4.1,79.0,8.0,11.6,80.0,8.0,2.8,82.0,8.0,1.1,82.0,8.0,2.7,82.0,8.0,1.6,82.0,8.0,1.3,82.0,8.0,0.1,83.0,8.0,0.2,84.0,9.0,0.3,83.0,8.0,2.6,83.0,8.0,2.8,84.0,9.0,2.5,8.9,7.0,0.9,8.8,7.0,1,8.9,6.0,2.2,8.9,7.0,1.6,9.0,7.0,1.7,8.7,9.0,1.5,8.6,11.0,1.4,8.7,10.0,2.2,8.9,7.0,3.9,9.0,7.0,5.1,8.8,8.0,2.3,8.9,9.0,2,9.0,8.0,1.8,9.0,8.0,1.9,9.03,6.0,1.4,8.71,9.0,1.3,8.69,9.0
New Zealand,NZL,AP,5.7,85.0,3.0,7.2,87.0,2.0,3.9,88.0,1.0,1.7,88.0,1.0,1.6,87.0,1.0,1.6,87.0,2.0,1.9,89.0,1.0,0.6,90.0,1.0,0.3,91.0,1.0,1.2,91.0,2.0,1.1,91.0,1.0,1.1,90.0,1.0,4,9.5,1.0,2.3,9.3,1.0,2.1,9.4,1.0,4,9.3,1.0,2.4,9.4,1.0,3.4,9.6,1.0,3,9.6,2.0,2.3,9.6,2.0,1.8,9.5,3.0,2.7,9.5,2.0,2.6,9.4,3.0,2.6,9.4,3.0,-0.1,9.4,3.0,1.3,9.4,4.0,1.2,9.23,4.0,2.3,9.43,1.0,3.8,9.55,1.0
Nicaragua,NIC,AME,8.4,17.0,172.0,10.5,19.0,167.0,4.9,20.0,164.0,3.7,22.0,159.0,5.4,22.0,161.0,4.9,25.0,152.0,3.9,26.0,151.0,3.5,26.0,145.0,4,27.0,130.0,6,28.0,133.0,7.1,28.0,127.0,7.2,29.0,130.0,8.1,2.5,134.0,5.5,2.5,134.0,3.7,2.5,130.0,19.8,2.5,134.0,11.1,2.6,123.0,9.1,2.6,111.0,9.6,2.6,107.0,8.5,2.7,97.0,5.3,2.6,88.0,3.8,2.5,81.0,7.4,2.4,77.0,11.5,,,11.2,3.1,70.0,13,3.0,61.0,9.2,,,11.7,,,11.1,,
Niger,NER,SSA,3.7,32.0,125.0,4.2,32.0,123.0,3.8,31.0,124.0,2.9,32.0,123.0,-2.5,32.0,120.0,2.8,34.0,114.0,0.2,33.0,112.0,0.2,35.0,101.0,1,34.0,98.0,-0.9,35.0,103.0,2.3,34.0,106.0,0.5,33.0,113.0,2.9,2.5,134.0,0.9,2.6,134.0,0.5,2.9,106.0,11.3,2.8,115.0,0.1,2.6,123.0,0,2.2,142.0,7.8,2.4,126.0,0.2,2.2,122.0,-1.5,,,2.5,,,3.9,,,2.7,,,-2.1,,,4.6,,,2.9,,,5.3,,,10.9,,
Niger,NER,SSA,3.7,32.0,125.0,4.2,32.0,123.0,3.8,31.0,124.0,2.9,32.0,123.0,-2.5,32.0,120.0,2.8,34.0,114.0,0.2,33.0,112.0,0.2,35.0,101.0,1,34.0,98.0,-0.9,35.0,103.0,2.3,34.0,106.0,0.5,33.0,113.0,2.9,2.5,134.0,0.9,2.6,134.0,0.5,2.9,106.0,11.3,2.8,115.0,0.1,2.6,123.0,0,2.3,138.0,7.8,2.4,126.0,0.2,2.2,122.0,-1.5,,,2.5,,,3.9,,,2.7,,,-2.1,,,4.6,,,2.9,,,5.3,,,10.9,,
Nigeria,NGA,SSA,24.7,25.0,145.0,18.8,24.0,150.0,17,24.0,154.0,13.2,25.0,149.0,11.4,26.0,146.0,12.1,27.0,144.0,16.5,27.0,148.0,15.7,28.0,136.0,9,26.0,136.0,8,27.0,136.0,8.5,25.0,144.0,12.2,27.0,139.0,10.8,2.4,143.0,13.7,2.4,143.0,12.5,2.5,130.0,11.6,2.7,121.0,5.4,2.2,147.0,8.2,,,17.9,1.9,152.0,15,1.6,144.0,14,1.4,132.0,12.9,1.6,101.0,18.9,1.0,90.0,6.9,1.2,90.0,6.6,1.6,98.0,7.9,1.9,81.0,10.7,1.76,52.0,29.3,0.69,54.0,no data,,
North Macedonia,MKD,ECA,9.4,42.0,76.0,14.2,40.0,85.0,3.2,39.0,87.0,1.2,35.0,111.0,0.8,35.0,106.0,1.5,37.0,93.0,1.4,35.0,107.0,-0.2,37.0,90.0,-0.3,42.0,66.0,-0.3,45.0,64.0,2.8,44.0,67.0,3.3,,,3.9,3.9,69.0,1.5,4.1,67.0,-0.7,3.8,71.0,8.3,3.6,72.0,2.3,3.3,84.0,3.2,2.7,105.0,0.5,2.7,103.0,-0.4,2.7,97.0,0.9,2.3,106.0,1.1,,,5.2,,,6.6,,,-1.3,3.3,63.0,0.5,,,1.3,,,2.5,,,16.4,,
Norway,NOR,WE/EU,5.5,84.0,4.0,5.8,84.0,4.0,3.5,85.0,4.0,1.3,84.0,7.0,2.2,84.0,7.0,2.8,84.0,7.0,1.9,85.0,3.0,3.6,85.0,6.0,2.2,88.0,5.0,2,86.0,5.0,2.1,86.0,5.0,0.7,85.0,7.0,1.3,9.0,6.0,2.4,8.6,10.0,2.2,8.6,11.0,3.8,7.9,14.0,0.7,8.7,9.0,2.3,8.8,8.0,1.5,8.9,8.0,0.5,8.9,8.0,2.5,8.8,8.0,1.3,8.5,12.0,3,8.6,10.0,3.1,9.1,6.0,2.4,8.9,9.0,2.3,9.0,8.0,2.6,8.92,5.0,1.3,8.87,6.0,2.5,8.61,10.0
Oman,OMN,MENA,0.9,43.0,70.0,2.5,44.0,69.0,1.7,52.0,56.0,-0.4,54.0,49.0,0.5,52.0,56.0,0.7,52.0,53.0,1.5,44.0,68.0,0.9,45.0,64.0,0.1,45.0,60.0,1.2,45.0,64.0,1.3,47.0,61.0,2.9,47.0,61.0,4.1,4.8,50.0,3.3,5.3,44.0,3.5,5.5,39.0,12.6,5.5,41.0,5.9,4.7,53.0,3.2,5.4,39.0,1.9,6.3,28.0,0.8,6.1,29.0,0.2,6.3,26.0,-0.3,,,-0.8,,,-1.2,,,0.5,,,0.4,,,-0.4,,,0.5,,,-1.1,,
Pakistan,PAK,AP,29.2,29.0,133.0,12.1,27.0,140.0,8.9,28.0,140.0,10.7,31.0,124.0,6.7,32.0,120.0,3.9,33.0,117.0,4.1,32.0,117.0,2.9,32.0,116.0,4.5,30.0,117.0,8.6,29.0,126.0,7.4,28.0,127.0,11,27.0,139.0,13.7,2.5,134.0,10.1,2.3,146.0,19.6,2.4,139.0,12,2.5,134.0,7.8,2.4,138.0,7.9,2.2,142.0,9.3,2.1,144.0,4.6,2.1,129.0,3.1,2.5,92.0,3.5,2.6,77.0,4.4,2.3,79.0,3.6,,,5.7,2.2,87.0,7.8,2.7,71.0,11.8,2.53,48.0,10.8,1.0,53.0,13,2.25,39.0
Panama,PAN,AME,1.5,35.0,108.0,2.9,36.0,101.0,1.6,36.0,105.0,-1.6,35.0,111.0,-0.4,36.0,101.0,0.8,37.0,93.0,0.9,37.0,96.0,0.7,38.0,87.0,0.1,39.0,72.0,2.6,37.0,94.0,4,35.0,102.0,5.7,38.0,83.0,5.9,3.3,86.0,3.5,3.6,78.0,2.4,3.4,84.0,8.8,3.4,85.0,4.2,3.2,94.0,2.5,3.1,84.0,2.9,3.5,65.0,0.5,3.7,62.0,0.1,3.4,66.0,1,3.0,67.0,0.3,3.7,51.0,1.4,,,1.3,,,0.6,,,1.3,,,1.3,,,0.9,,
Papua New Guinea,PNG,AP,2.3,29.0,133.0,5.3,30.0,130.0,4.5,31.0,124.0,4.9,27.0,142.0,3.9,28.0,137.0,4.4,28.0,138.0,5.4,29.0,135.0,6.7,28.0,136.0,6,25.0,139.0,5.2,25.0,145.0,5,25.0,144.0,4.5,25.0,150.0,4.4,2.2,154.0,5.1,2.1,154.0,6.9,2.1,154.0,10.8,2.0,151.0,0.9,2.0,162.0,2.4,2.4,130.0,1.8,2.3,130.0,2.2,2.6,102.0,14.7,2.1,118.0,11.8,,,9.3,,,15.6,,,14.9,,,13.6,,,3.9,,,11.6,,,17.3,,
Paraguay,PRY,AME,4.6,28.0,136.0,9.8,28.0,137.0,4.8,30.0,128.0,1.8,28.0,137.0,2.8,28.0,137.0,4,29.0,132.0,3.6,29.0,135.0,4.1,30.0,123.0,3.1,27.0,130.0,5,24.0,150.0,2.7,24.0,150.0,3.7,25.0,150.0,8.2,2.2,154.0,4.6,2.2,154.0,2.6,2.1,154.0,10.2,2.4,138.0,8.1,2.4,138.0,9.6,2.6,111.0,6.8,2.1,144.0,4.3,1.9,140.0,14.2,1.6,129.0,10.5,1.7,98.0,7.3,,,9,,,6.8,2.0,90.0,11.6,1.5,84.0,7,,,9.8,,,13.4,,
Peru,PER,AME,6.3,33.0,121.0,7.9,36.0,101.0,4,36.0,105.0,1.8,38.0,94.0,2.1,36.0,101.0,1.3,35.0,105.0,2.8,37.0,96.0,3.6,35.0,101.0,3.5,36.0,88.0,3.2,38.0,85.0,2.8,38.0,83.0,3.7,38.0,83.0,3.4,3.4,80.0,1.5,3.5,87.0,2.9,3.7,75.0,5.8,3.6,72.0,1.8,3.5,72.0,2,3.3,70.0,1.6,3.5,65.0,3.7,3.5,67.0,2.3,3.7,59.0,0.2,4.0,45.0,2,4.1,44.0,3.8,4.4,41.0,3.5,4.5,40.0,7.3,4.5,41.0,8.5,,,11.5,,,11.1,,
Philippines,PHL,AP,6,34.0,115.0,5.8,33.0,116.0,3.9,33.0,117.0,2.4,34.0,115.0,2.4,34.0,113.0,5.3,36.0,99.0,2.9,34.0,111.0,1.2,35.0,101.0,0.7,35.0,95.0,3.6,38.0,85.0,2.6,36.0,94.0,3.2,34.0,105.0,4.7,2.6,129.0,3.7,2.4,146.0,4.2,2.4,139.0,8.2,2.3,141.0,2.9,2.5,131.0,5.4,2.5,121.0,6.6,2.5,117.0,4.8,2.6,102.0,2.2,2.5,92.0,2.8,2.6,77.0,5.4,2.9,65.0,6.5,2.8,69.0,6.2,3.6,54.0,9.4,3.3,55.0,5.6,3.05,40.0,8.3,2.69,44.0,6.9,2.77,36.0
Poland,POL,WE/EU,11.4,54.0,47.0,14.4,55.0,45.0,5.1,56.0,42.0,3.4,56.0,45.0,2.2,58.0,41.0,1.8,60.0,36.0,2,60.0,36.0,-0.7,62.0,29.0,-0.9,63.0,29.0,0.1,61.0,36.0,1.1,60.0,38.0,3.7,58.0,41.0,4.2,5.5,41.0,2.6,5.3,45.0,3.8,5.0,49.0,4.3,4.6,58.0,2.5,4.2,61.0,1.2,3.7,61.0,2.2,3.4,70.0,3.5,3.5,67.0,0.7,3.6,64.0,1.9,4.0,45.0,5.5,4.1,44.0,10.1,4.1,43.0,7.3,4.2,44.0,11.8,4.6,39.0,14.9,5.08,29.0,19.9,5.57,24.0,27.9,,
Portugal,PRT,WE/EU,5.3,61.0,34.0,8.1,62.0,33.0,0.9,62.0,32.0,-0.1,61.0,33.0,0.3,62.0,30.0,1.2,64.0,30.0,1.6,63.0,29.0,0.6,62.0,29.0,0.5,64.0,28.0,-0.2,63.0,31.0,0.4,62.0,33.0,2.8,63.0,33.0,3.6,6.1,32.0,1.4,6.0,32.0,-0.9,5.8,35.0,2.7,6.1,32.0,2.4,6.5,28.0,3,6.6,26.0,2.1,6.5,26.0,2.5,6.3,27.0,3.2,6.6,25.0,3.7,6.3,25.0,4.4,6.3,25.0,2.8,6.4,23.0,2.2,6.7,21.0,2.2,6.5,22.0,1.9,6.97,19.0,2.9,6.53,22.0,4,5.56,22.0
Qatar,QAT,MENA,3.1,58.0,40.0,5,58.0,40.0,2.3,63.0,31.0,-2.5,63.0,30.0,-0.9,62.0,30.0,0.1,62.0,33.0,0.6,63.0,29.0,2.7,61.0,31.0,0.9,71.0,22.0,4.2,69.0,27.0,3.1,68.0,28.0,1.8,68.0,27.0,2,7.2,22.0,-2.4,7.7,19.0,-4.9,7.0,22.0,15.1,6.5,28.0,13.7,6.0,32.0,11.7,6.0,32.0,9,5.9,32.0,6.8,5.2,38.0,2.3,5.6,32.0,0.2,,,1.7,,,1.6,,,2.2,,,2.9,,,2.7,,,7,,,3,,
Romania,ROU,WE/EU,10.4,46.0,63.0,13.8,46.0,63.0,5,45.0,66.0,2.6,44.0,69.0,3.8,44.0,70.0,4.6,47.0,61.0,1.3,48.0,59.0,-1.6,,,-0.6,,,1.1,,,4,43.0,69.0,3.3,44.0,66.0,5.8,3.6,75.0,6.1,3.7,73.0,5.6,3.8,71.0,7.8,3.8,70.0,4.8,3.7,69.0,6.6,3.1,84.0,9,3.0,85.0,11.9,2.9,87.0,15.4,2.8,83.0,22.5,2.6,77.0,34.5,2.8,69.0,45.7,2.9,68.0,45.8,3.3,63.0,59.1,3.0,61.0,154.8,3.44,37.0,38.8,,,32.3,,
Rwanda,RWA,SSA,14,53.0,49.0,13.9,51.0,54.0,0.8,53.0,52.0,7.7,54.0,49.0,2.4,53.0,51.0,1.4,56.0,48.0,4.8,55.0,48.0,5.7,54.0,50.0,2.5,54.0,43.0,1.8,49.0,55.0,4.2,53.0,49.0,6.3,53.0,50.0,5.7,5.0,49.0,2.3,4.0,69.0,10.3,3.3,89.0,15.4,3.0,102.0,9.1,2.8,111.0,8.8,2.5,121.0,9.1,3.1,83.0,12,,,7.4,,,2,,,3.4,,,3.9,,,-2.4,,,6.5,,,11.8,,,13.2,,,56,,
Saint Lucia,LCA,AME,3.7,55.0,45.0,6.4,55.0,45.0,2.4,56.0,42.0,-1.8,56.0,45.0,0.5,55.0,48.0,2.6,55.0,50.0,0.1,55.0,48.0,-3.1,60.0,35.0,-1,,,3.5,71.0,24.0,1.5,71.0,22.0,4.2,71.0,22.0,2.8,7.0,25.0,3.3,,,-0.2,7.0,22.0,5.5,7.1,21.0,2.8,6.8,24.0,3.6,,,3.9,,,1.5,,,1,,,-0.3,,,5.3,,,4.8,,,2.4,,,3.2,,,0,,,0.9,,,5.9,,
Saint Vincent and the Grenadines,VCT,AME,4.6,60.0,36.0,5.7,60.0,35.0,1.6,59.0,36.0,-0.6,59.0,40.0,0.9,59.0,39.0,2.3,58.0,41.0,2.2,58.0,40.0,-0.2,60.0,35.0,-1.7,,,0.2,62.0,35.0,0.8,62.0,33.0,2.6,62.0,36.0,3.2,5.8,36.0,0.8,,,0.4,,,10.1,6.5,28.0,7,6.1,30.0,3,,,3.4,,,2.9,,,0.1,,,0.7,,,1.9,,,0.2,,,1,,,2.1,,,0.5,,,4.4,,,2.4,,
Saudi Arabia,SAU,MENA,2.3,52.0,53.0,2.5,51.0,54.0,3.1,53.0,52.0,3.4,53.0,52.0,-2.1,53.0,51.0,2.5,49.0,58.0,-0.8,49.0,57.0,2.1,46.0,62.0,1.2,52.0,48.0,2.2,49.0,55.0,3.5,46.0,63.0,2.9,44.0,66.0,3.7,4.4,57.0,3.7,4.7,54.0,4.3,4.3,63.0,6.1,3.5,80.0,5,3.4,79.0,1.9,3.3,70.0,0.6,3.4,70.0,0.3,3.4,71.0,0.5,4.5,46.0,0.1,,,-1.1,,,-1,,,-2.1,,,-0.4,,,-0.2,,,0.3,,,5.1,,
Senegal,SEN,SSA,5.9,43.0,70.0,9.7,43.0,72.0,2.2,43.0,73.0,2.5,45.0,67.0,1,45.0,66.0,0.5,45.0,67.0,1.1,45.0,66.0,1.2,45.0,64.0,0.9,44.0,61.0,-1.1,43.0,69.0,0.7,41.0,77.0,1.4,36.0,94.0,3.4,2.9,112.0,1.2,2.9,116.0,-2.2,3.0,99.0,6.3,3.4,85.0,5.9,3.6,71.0,2.1,3.3,70.0,1.7,3.2,78.0,0.5,3.0,85.0,0,3.2,76.0,2.4,3.1,66.0,3.1,2.9,65.0,0.8,3.5,52.0,0.8,3.4,58.0,1,3.3,55.0,1.8,,,2.8,,,8.1,,
Serbia,SRB,ECA,12.4,36.0,104.0,12,36.0,101.0,4.1,38.0,96.0,1.6,38.0,94.0,1.8,39.0,91.0,2,39.0,87.0,3.1,41.0,77.0,1.1,,,1.4,,,2.1,,,7.7,42.0,72.0,7.3,39.0,80.0,11.1,3.3,86.0,6.1,3.5,87.0,8.1,3.5,83.0,12.4,3.4,85.0,6,3.4,79.0,10.7,3.0,90.0,16.3,2.8,97.0,10.6,2.7,97.0,2.9,2.3,106.0,8.9,,,80.7,,,70,,,41.1,,,30,,,18.3,,,no data,,,no data,,
Seychelles,SYC,SSA,-1,71.0,20.0,2.6,70.0,23.0,9.8,70.0,23.0,1.2,66.0,27.0,1.8,66.0,27.0,3.7,66.0,28.0,2.9,60.0,36.0,-1,,,4,55.0,40.0,1.4,55.0,44.0,4.3,54.0,47.0,7.1,52.0,51.0,2.6,4.8,50.0,-2.4,4.8,50.0,31.8,4.8,54.0,37,4.8,55.0,5.3,4.5,57.0,-1.9,3.6,63.0,0.6,4.0,55.0,3.9,4.4,48.0,3.3,,,0.2,,,6,,,6.3,,,6.3,,,2.7,,,1.8,,,-2.1,,,0.5,,
Sierra Leone,SLE,SSA,47.7,35.0,108.0,27.2,34.0,110.0,11.9,34.0,115.0,13.4,33.0,117.0,14.8,33.0,119.0,16,30.0,129.0,18.2,30.0,130.0,10.9,30.0,123.0,6.7,29.0,119.0,4.6,31.0,119.0,5.5,30.0,119.0,6.6,31.0,123.0,6.8,2.5,134.0,7.2,2.4,146.0,7.5,2.2,146.0,8.2,1.9,158.0,17,2.1,150.0,10.5,2.2,142.0,13.7,2.4,126.0,12.9,2.3,114.0,4,2.2,113.0,0.1,,,2.6,,,-0.9,,,34.1,,,36,,,14.6,,,23.1,,,26,,
Singapore,SGP,AP,4.8,83.0,5.0,6.1,83.0,5.0,2.3,85.0,4.0,-0.2,85.0,3.0,0.6,85.0,4.0,0.4,85.0,3.0,0.6,84.0,6.0,-0.5,84.0,7.0,-0.5,85.0,7.0,1,84.0,7.0,2.4,86.0,5.0,4.6,87.0,5.0,5.2,9.2,5.0,2.8,9.3,1.0,0.6,9.2,3.0,6.6,9.2,4.0,2.1,9.3,4.0,1,9.4,5.0,0.5,9.4,5.0,1.7,9.3,5.0,0.5,9.4,5.0,-0.4,9.3,5.0,1,9.2,4.0,1.3,9.1,6.0,0,9.1,7.0,-0.3,9.1,7.0,2,8.66,9.0,1.4,8.8,7.0,1.7,9.26,3.0
Slovakia,SVK,WE/EU,11,54.0,47.0,12.1,53.0,49.0,2.8,52.0,56.0,2,49.0,60.0,2.8,50.0,59.0,2.5,50.0,57.0,1.4,50.0,54.0,-0.5,51.0,54.0,-0.3,51.0,50.0,-0.1,50.0,54.0,1.5,47.0,61.0,3.7,46.0,62.0,4.1,4.0,66.0,0.7,4.3,62.0,0.9,4.5,56.0,3.9,5.0,52.0,1.9,4.9,49.0,4.3,4.7,49.0,2.8,4.3,47.0,7.5,4.0,57.0,8.4,3.7,59.0,3.5,3.7,52.0,7.1,3.7,51.0,12.2,3.5,52.0,10.5,3.7,53.0,6.7,3.9,47.0,6,,,5.8,,,9.9,,
Slovenia,SVN,WE/EU,7.4,56.0,42.0,8.8,56.0,41.0,1.9,57.0,41.0,-0.1,60.0,35.0,1.6,60.0,35.0,1.7,60.0,36.0,1.4,61.0,34.0,-0.1,61.0,31.0,-0.5,60.0,34.0,0.2,58.0,40.0,1.8,57.0,43.0,2.6,61.0,37.0,1.8,5.9,35.0,1.8,6.4,27.0,0.8,6.4,31.0,5.6,6.7,26.0,3.7,6.6,27.0,2.5,6.4,28.0,2.5,6.1,31.0,3.6,6.0,31.0,5.5,5.9,29.0,7.5,6.0,27.0,8.4,5.2,34.0,8.9,5.5,28.0,6.1,6.0,25.0,7.9,,,8.3,,,9.9,,,13.6,,
Solomon Islands,SLB,AP,4.5,43.0,70.0,5.5,42.0,77.0,-0.1,43.0,73.0,3,42.0,78.0,1.6,42.0,77.0,3.5,44.0,70.0,0.5,39.0,85.0,0.5,42.0,72.0,-0.6,,,5.3,,,5.2,,,5.9,,,7.4,2.7,120.0,0.9,2.8,123.0,7.2,2.8,111.0,17.3,2.9,109.0,7.7,2.8,111.0,11.2,,,7.5,,,6.9,,,10.1,,,9.4,,,7.6,,,6.9,,,8,,,12.4,,,8.1,,,11.8,,,9.6,,
Somalia,SOM,SSA,6.1,11.0,180.0,6.8,12.0,180.0,4.6,13.0,178.0,4.3,12.0,179.0,4.5,9.0,180.0,4.3,10.0,180.0,4,9.0,180.0,0,10.0,176.0,0.9,8.0,167.0,1.3,8.0,174.0,2.8,8.0,175.0,no data,8.0,174.0,no data,1.0,182.0,no data,1.1,178.0,no data,1.1,180.0,no data,1.0,180.0,no data,1.4,179.0,no data,,,no data,2.1,144.0,no data,,,no data,,,no data,,,no data,,,no data,,,no data,,,no data,,,no data,,,no data,,,no data,,
South Africa,ZAF,SSA,5.9,41.0,83.0,6.9,43.0,72.0,4.6,44.0,70.0,3.3,44.0,69.0,4.1,44.0,70.0,4.6,43.0,73.0,5.3,43.0,71.0,6.3,45.0,64.0,4.6,44.0,61.0,6.1,44.0,67.0,5.7,42.0,72.0,5.6,43.0,69.0,5,4.1,64.0,4.2,4.5,56.0,7.2,4.7,55.0,11,4.9,54.0,7.1,5.1,43.0,4.7,4.6,51.0,3.4,4.5,46.0,1.4,4.6,44.0,5.9,4.4,48.0,9,4.8,36.0,5.7,4.8,38.0,5.3,5.0,34.0,5.1,5.0,34.0,7,5.2,32.0,8.6,4.95,33.0,7.3,5.68,23.0,8.8,5.62,21.0
South Sudan,SSD,SSA,40.2,13.0,177.0,-3.2,13.0,178.0,30.2,11.0,180.0,24,12.0,179.0,49.3,12.0,179.0,83.4,13.0,178.0,213,12.0,179.0,346.1,11.0,175.0,53,15.0,163.0,4.3,15.0,171.0,-2.7,14.0,173.0,42.4,,,no data,,,no data,,,no data,,,no data,,,no data,,,no data,,,no data,,,no data,,,no data,,,no data,,,no data,,,no data,,,no data,,,no data,,,no data,,,no data,,,no data,,
Spain,ESP,WE/EU,3.4,60.0,36.0,8.3,60.0,35.0,3,61.0,34.0,-0.3,62.0,32.0,0.8,62.0,30.0,1.7,58.0,41.0,2,57.0,42.0,-0.3,58.0,41.0,-0.6,58.0,37.0,-0.2,60.0,38.0,1.5,59.0,40.0,2.4,65.0,30.0,3,6.2,31.0,2,6.1,30.0,-0.2,6.1,32.0,4.1,6.5,28.0,2.8,6.7,25.0,3.6,6.8,23.0,3.4,7.0,23.0,3.1,7.1,22.0,3.1,6.9,23.0,3.6,7.1,20.0,2.8,7.0,22.0,3.5,7.0,20.0,2.2,6.6,22.0,1.8,6.1,23.0,1.9,5.9,24.0,3.6,4.31,32.0,4.7,4.35,26.0
Sri Lanka,LKA,AP,no data,34.0,115.0,45.2,36.0,101.0,6,37.0,102.0,4.6,38.0,94.0,4.3,38.0,93.0,4.3,38.0,89.0,6.6,38.0,91.0,4,36.0,95.0,2.2,37.0,83.0,2.8,38.0,85.0,6.9,37.0,91.0,7.5,40.0,79.0,6.7,3.3,86.0,6.2,3.2,101.0,3.5,3.1,97.0,22.4,3.2,92.0,15.9,3.2,94.0,9.9,3.1,84.0,11,3.2,78.0,9,3.5,67.0,9,3.4,66.0,9.6,3.7,52.0,14.2,,,6.2,,,4.7,,,9.4,,,9.6,,,15.9,,,7.7,,
Sudan,SDN,SSA,171.5,20.0,162.0,138.8,22.0,162.0,359.1,20.0,164.0,163.3,16.0,174.0,51,16.0,173.0,63.3,16.0,172.0,32.4,16.0,175.0,17.8,14.0,170.0,16.9,12.0,165.0,36.9,11.0,173.0,36.5,11.0,174.0,35.6,13.0,173.0,18.1,1.6,177.0,13,1.6,172.0,11.3,1.5,176.0,14.3,1.6,173.0,14.8,1.8,172.0,7.2,2.0,156.0,8.5,2.1,144.0,9.7,2.2,122.0,6.5,2.3,106.0,22.2,,,1.9,,,7.1,,,17.2,,,24.6,,,47.2,,,86.8,,,68.4,,
Suriname,SUR,AME,51.6,40.0,87.0,52.4,40.0,85.0,59.1,39.0,87.0,34.9,38.0,94.0,4.4,44.0,70.0,6.9,43.0,73.0,22,41.0,77.0,55.5,45.0,64.0,6.9,36.0,88.0,3.4,36.0,100.0,1.9,36.0,94.0,5,37.0,88.0,17.7,3.0,100.0,6.9,,,-0.3,3.7,75.0,14.7,3.6,72.0,6.4,3.5,72.0,11.3,3.0,90.0,14,3.2,78.0,9.1,4.3,49.0,23,,,15.5,,,34.4,,,29.6,,,60.5,,,11.2,,,6.1,,,2.8,,,24.2,,
Sweden,SWE,WE/EU,5.9,82.0,6.0,8.1,83.0,5.0,2.7,85.0,4.0,0.7,85.0,3.0,1.7,85.0,4.0,2,85.0,3.0,1.9,84.0,6.0,1.1,88.0,4.0,0.7,89.0,4.0,0.2,87.0,4.0,0.4,89.0,3.0,0.9,88.0,4.0,1.4,9.3,4.0,1.9,9.2,4.0,1.9,9.2,3.0,3.3,9.3,1.0,1.7,9.3,4.0,1.5,9.2,6.0,0.8,9.2,6.0,1,9.2,6.0,2.3,9.3,6.0,1.9,9.3,5.0,2.7,9.0,6.0,1.3,9.4,3.0,0.6,9.4,3.0,1,9.5,3.0,1.8,9.35,3.0,1,9.08,3.0,2.5,8.87,6.0
Switzerland,CHE,WE/EU,2.1,82.0,6.0,2.8,82.0,7.0,0.6,84.0,7.0,-0.7,85.0,3.0,0.4,85.0,4.0,0.9,85.0,3.0,0.5,85.0,3.0,-0.4,86.0,5.0,-1.1,86.0,6.0,0,86.0,5.0,-0.2,85.0,7.0,-0.7,86.0,6.0,0.2,8.8,8.0,0.7,8.7,8.0,-0.5,9.0,5.0,2.4,9.0,5.0,0.7,9.0,7.0,1.1,9.1,7.0,1.2,9.1,7.0,0.8,9.1,7.0,0.6,8.8,8.0,0.6,8.5,12.0,1,8.4,12.0,1.6,8.6,11.0,0.8,8.9,9.0,0,8.9,10.0,0.5,8.61,11.0,0.8,8.76,8.0,1.8,8.76,8.0
Syria,SYR,MENA,no data,13.0,177.0,no data,13.0,178.0,no data,13.0,178.0,no data,14.0,178.0,no data,13.0,178.0,no data,13.0,178.0,no data,14.0,178.0,no data,13.0,173.0,no data,18.0,154.0,no data,20.0,159.0,no data,17.0,168.0,no data,26.0,144.0,no data,2.6,129.0,4.4,2.5,134.0,2.8,2.6,126.0,15.2,2.1,147.0,4.7,2.4,138.0,10.4,2.9,93.0,7.2,3.4,70.0,4.4,3.4,71.0,5.8,3.4,66.0,-0.5,,,3.4,,,-3.9,,,-3.7,,,-1,,,1.9,,,8.9,,,7.7,,
Taiwan,TWN,AP,2.5,67.0,28.0,2.9,68.0,25.0,2,68.0,25.0,-0.2,65.0,28.0,0.6,65.0,28.0,1.4,63.0,31.0,0.6,63.0,29.0,1.4,61.0,31.0,-0.3,62.0,31.0,1.2,61.0,36.0,0.8,61.0,36.0,1.9,61.0,37.0,1.4,6.1,32.0,1,5.8,36.0,-0.9,5.6,37.0,3.5,5.7,39.0,1.8,5.7,34.0,0.6,5.9,34.0,2.3,5.9,32.0,1.6,5.6,35.0,-0.3,5.7,30.0,-0.2,5.6,29.0,0,5.9,27.0,1.2,5.5,28.0,0.2,5.6,28.0,1.7,5.3,29.0,0.9,5.02,31.0,3.1,4.98,29.0,3.7,5.08,25.0
Tajikistan,TJK,ECA,3.7,20.0,162.0,6.6,24.0,150.0,9,25.0,150.0,8.6,25.0,149.0,7.8,25.0,153.0,3.8,25.0,152.0,7.3,21.0,161.0,5.9,25.0,151.0,5.8,26.0,136.0,6.1,23.0,152.0,5,22.0,154.0,5.8,22.0,157.0,12.4,2.3,152.0,6.5,2.1,154.0,6.4,2.0,158.0,20.4,2.0,151.0,13.2,2.1,150.0,10,2.2,142.0,7.3,2.1,144.0,7.2,2.0,133.0,16.4,1.8,124.0,12.2,,,38.6,,,32.9,,,27.5,,,43.2,,,88,,,418.5,,,612.5,,
Tanzania,TZA,SSA,4,40.0,87.0,4.4,38.0,94.0,3.7,39.0,87.0,3.3,38.0,94.0,3.4,37.0,96.0,3.5,36.0,99.0,5.3,36.0,103.0,5.2,32.0,116.0,5.6,30.0,117.0,6.1,31.0,119.0,7.9,33.0,111.0,16,35.0,102.0,12.7,3.0,100.0,7.2,2.7,127.0,12.1,2.6,126.0,10.3,3.0,102.0,7,3.2,94.0,7.3,2.9,93.0,4.4,2.9,88.0,4.1,2.8,90.0,4.4,2.5,92.0,4.6,2.7,71.0,5.1,2.2,82.0,6,2.5,76.0,7.9,1.9,93.0,12.8,1.9,81.0,16.1,,,21,,,26.8,,
Timor-Leste,TLS,AP,8.4,43.0,70.0,7,42.0,77.0,3.8,41.0,82.0,0.5,40.0,86.0,0.9,38.0,93.0,2.3,35.0,105.0,0.5,38.0,91.0,-1.5,35.0,101.0,0.6,28.0,123.0,0.8,28.0,133.0,9.5,30.0,119.0,10.9,33.0,113.0,13.2,2.4,143.0,5.2,2.5,134.0,-0.2,2.2,146.0,7.4,2.2,145.0,8.6,2.6,123.0,5.2,2.6,111.0,1.6,,,2.2,,,8,,,4.1,,,3.6,,,no data,,,no data,,,no data,,,no data,,,no data,,,no data,,
Togo,TGO,SSA,5.1,31.0,126.0,7.6,30.0,130.0,4.5,30.0,128.0,1.8,29.0,134.0,0.7,29.0,130.0,0.9,30.0,129.0,-0.2,32.0,117.0,0.9,32.0,116.0,1.8,32.0,106.0,0.2,29.0,126.0,1.8,29.0,123.0,2.6,30.0,128.0,3.6,2.4,143.0,0.2,2.4,146.0,4.1,2.8,111.0,7.7,2.7,121.0,0.4,2.3,143.0,1.1,2.4,130.0,5.3,,,0.7,,,-0.9,,,2.7,,,5.1,,,1.6,,,-0.1,,,1,,,5.3,,,4.6,,,15.8,,
Tunisia,TUN,MENA,9.3,40.0,87.0,8.3,40.0,85.0,5.7,44.0,70.0,5.6,44.0,69.0,6.7,43.0,74.0,7.3,43.0,73.0,5.3,42.0,74.0,3.6,41.0,75.0,4.4,38.0,76.0,4.6,40.0,79.0,5.3,41.0,77.0,4.6,41.0,75.0,3.2,3.8,73.0,4.4,4.3,66.0,3.5,4.2,65.0,4.9,4.4,62.0,3.4,4.2,61.0,4.1,4.6,51.0,2,4.9,43.0,3.7,5.0,39.0,2.7,4.9,39.0,2.7,4.8,36.0,1.9,5.3,31.0,2.8,5.2,32.0,2.8,5.0,34.0,3.1,5.0,33.0,3.6,,,3.7,,,6.2,,
Turkmenistan,TKM,ECA,-1.7,18.0,170.0,11.2,19.0,167.0,19.5,19.0,169.0,6.1,19.0,165.0,5.1,19.0,165.0,13.3,20.0,161.0,8,19.0,167.0,3.6,22.0,154.0,7.4,18.0,154.0,6,17.0,169.0,6.8,17.0,168.0,5.3,17.0,170.0,5.3,1.6,177.0,4.4,1.6,172.0,-2.7,1.8,168.0,14.5,1.8,166.0,6.3,2.0,162.0,8.2,2.2,142.0,10.7,1.8,155.0,5.9,2.0,133.0,5.6,,,8.8,,,11.6,,,8,,,23.5,,,16.8,,,83.7,,,992.4,,,1005.3,,
Uganda,UGA,SSA,5.4,26.0,141.0,7.2,26.0,142.0,2.2,27.0,144.0,2.8,27.0,142.0,2.1,28.0,137.0,2.5,26.0,149.0,5.6,26.0,151.0,5.2,25.0,151.0,3.7,25.0,139.0,4.3,26.0,142.0,5.5,26.0,140.0,14,29.0,130.0,18.7,2.4,143.0,4,2.5,134.0,13,2.5,130.0,12,2.6,126.0,6.1,2.8,111.0,7.2,2.7,105.0,8.6,2.5,117.0,3.7,2.6,102.0,8.7,2.2,113.0,-0.3,2.1,93.0,1.9,1.9,88.0,3.4,2.3,80.0,5.8,2.2,87.0,5.8,2.6,73.0,7.7,,,7.5,2.71,43.0,6.8,,
Ukraine,UKR,ECA,12.9,36.0,104.0,20.2,33.0,116.0,9.4,32.0,122.0,2.7,33.0,117.0,7.9,30.0,126.0,10.9,32.0,120.0,14.4,30.0,130.0,13.9,29.0,131.0,48.7,27.0,130.0,12.1,26.0,142.0,-0.3,25.0,144.0,0.6,26.0,144.0,8,2.3,152.0,9.4,2.4,146.0,15.9,2.2,146.0,25.2,2.5,134.0,12.8,2.7,118.0,9.1,2.8,99.0,13.5,2.6,107.0,9,2.2,122.0,5.2,2.3,106.0,0.8,2.4,85.0,12,2.1,83.0,28.2,1.5,87.0,22.7,2.6,75.0,10.6,2.8,69.0,15.9,,,80.2,,,376.7,,
United Arab Emirates,ARE,MENA,1.6,68.0,26.0,4.8,67.0,27.0,-0.1,69.0,24.0,-2.1,71.0,21.0,-1.9,71.0,21.0,3.1,70.0,23.0,2,71.0,21.0,1.6,66.0,24.0,4.1,70.0,23.0,2.3,70.0,26.0,1.1,69.0,26.0,0.7,68.0,27.0,0.9,6.8,28.0,0.9,6.3,28.0,-4.7,6.5,30.0,12.3,5.9,35.0,11.1,5.7,34.0,9.3,6.2,31.0,6.2,6.2,30.0,5,6.1,29.0,3.1,5.2,37.0,2.9,,,2.8,,,1.3,,,2.1,,,2,,,3,,,3,,,4.3,,
United Kingdom,GBR,WE/EU,7.3,71.0,20.0,9.1,73.0,18.0,2.6,78.0,11.0,0.9,77.0,11.0,1.8,77.0,12.0,2.5,80.0,11.0,2.7,82.0,8.0,0.7,81.0,10.0,0,81.0,11.0,1.5,78.0,14.0,2.6,76.0,14.0,2.8,74.0,17.0,4.5,7.8,16.0,3.3,7.6,20.0,2.2,7.7,17.0,3.6,7.7,16.0,2.3,8.4,12.0,2.3,8.6,11.0,2.1,8.6,11.0,1.3,8.6,11.0,1.4,8.7,11.0,1.3,8.7,10.0,1.2,8.3,13.0,0.8,8.7,10.0,1.3,8.6,13.0,1.6,8.7,11.0,1.8,8.22,14.0,2.4,8.44,12.0,2.6,8.57,12.0
United States,USA,AME,4.1,69.0,24.0,8,69.0,24.0,4.7,67.0,27.0,1.2,67.0,25.0,1.8,69.0,23.0,2.4,71.0,22.0,2.1,75.0,16.0,1.3,74.0,18.0,0.1,76.0,16.0,1.6,74.0,17.0,1.5,73.0,19.0,2.1,73.0,19.0,3.1,7.1,24.0,1.6,7.1,22.0,-0.3,7.5,19.0,3.8,7.3,18.0,2.9,7.2,20.0,3.2,7.3,20.0,3.4,7.6,17.0,2.7,6.2,28.0,2.3,7.5,18.0,1.6,7.7,16.0,2.8,7.6,16.0,3.4,7.8,14.0,2.2,4.4,41.0,1.5,7.5,17.0,2.3,7.61,16.0,2.9,7.66,15.0,2.8,7.79,15.0
Uruguay,URY,AME,5.9,73.0,16.0,9.1,74.0,14.0,7.7,73.0,18.0,9.8,71.0,21.0,7.9,71.0,21.0,7.6,70.0,23.0,6.2,70.0,23.0,9.6,71.0,21.0,8.7,74.0,21.0,8.9,73.0,21.0,8.6,73.0,19.0,8.1,72.0,20.0,8.1,7.0,25.0,6.7,6.9,24.0,7.1,6.7,25.0,7.9,6.9,23.0,8.1,6.7,25.0,6.4,6.4,28.0,4.7,5.9,32.0,9.2,7.5,17.0,19.4,5.5,33.0,14,5.1,32.0,4.4,5.1,35.0,4.8,,,5.7,7.5,18.0,10.8,4.3,42.0,19.8,4.14,35.0,28.3,,,42.2,,
Uzbekistan,UZB,ECA,10,33.0,121.0,11.4,31.0,126.0,10.8,28.0,140.0,12.9,26.0,146.0,14.5,25.0,153.0,17.5,23.0,158.0,13.9,22.0,157.0,8.8,21.0,156.0,8.5,19.0,153.0,9.1,18.0,166.0,11.7,17.0,168.0,11.9,17.0,170.0,12.4,1.6,177.0,12.3,1.6,172.0,12.3,1.7,174.0,13.1,1.8,166.0,11.2,1.7,175.0,13.1,2.1,151.0,10.7,2.2,137.0,7.3,2.3,114.0,12.5,2.4,100.0,27.3,2.9,68.0,27.3,2.7,71.0,25,2.4,79.0,29.1,1.8,94.0,29,,,70.9,,,54,,,304.6,,
Vanuatu,VUT,AP,12,48.0,61.0,6.7,48.0,60.0,2.3,45.0,66.0,5.3,43.0,75.0,2.7,46.0,64.0,2.4,46.0,64.0,3.1,43.0,71.0,0.8,,,2.5,,,0.8,,,1.5,,,1.3,,,0.9,3.5,77.0,2.8,3.6,78.0,4.3,3.2,95.0,4.8,2.9,109.0,3.9,3.1,98.0,2,,,1.2,,,1.4,,,3,,,2,,,3.6,,,2.5,,,2,,,3.6,,,2.8,,,0.9,,,2.2,,
Venezuela,VEN,AME,337.5,13.0,177.0,186.5,14.0,177.0,1588.5,14.0,177.0,2355.1,15.0,176.0,19906,16.0,173.0,65374.1,18.0,168.0,438.1,18.0,169.0,254.9,17.0,166.0,121.7,17.0,158.0,62.2,19.0,161.0,40.6,20.0,160.0,21.1,19.0,165.0,26.1,1.9,172.0,28.2,1.5,175.0,26,1.9,162.0,31.4,1.9,158.0,18.7,2.0,162.0,13.7,2.3,138.0,16,2.3,130.0,21.7,2.3,114.0,31.1,2.4,100.0,22.4,2.5,81.0,12.5,2.8,69.0,16.2,2.7,71.0,23.6,2.6,75.0,35.8,2.3,77.0,50,2.77,44.0,99.9,2.5,48.0,59.9,2.66,38.0
Vietnam,VNM,AP,3.3,41.0,83.0,3.2,42.0,77.0,1.8,39.0,87.0,3.2,36.0,104.0,2.8,37.0,96.0,3.5,33.0,117.0,3.5,35.0,107.0,2.7,33.0,113.0,0.6,31.0,111.0,4.1,31.0,119.0,6.6,31.0,116.0,9.1,31.0,123.0,18.7,2.9,112.0,9.1,2.7,127.0,6.7,2.7,120.0,23.3,2.7,121.0,8.4,2.6,123.0,7.7,2.6,111.0,8.3,2.6,107.0,7.8,2.6,102.0,3.1,2.4,100.0,3.8,2.4,85.0,-0.4,2.6,75.0,-1.8,2.5,76.0,4.1,2.6,75.0,8.1,2.5,74.0,3.1,2.79,43.0,5.6,,,16.9,,
Yemen,YEM,MENA,-1.2,16.0,176.0,29.5,16.0,176.0,31.5,16.0,174.0,21.7,15.0,176.0,15.7,15.0,177.0,33.6,14.0,176.0,30.4,16.0,175.0,21.3,14.0,170.0,22,18.0,154.0,8.2,19.0,161.0,11,18.0,167.0,9.9,23.0,156.0,19.5,2.1,164.0,11.2,2.2,154.0,3.7,2.1,154.0,19,2.3,141.0,7.9,2.5,131.0,10.8,2.6,111.0,9.9,2.7,103.0,12.5,2.4,112.0,10.8,2.6,88.0,12.2,,,11.9,,,11,,,7.9,,,11.5,,,4.6,,,38.8,,,63.9,,
Zambia,ZMB,SSA,11,37.0,98.0,11,33.0,116.0,22,33.0,117.0,15.7,33.0,117.0,9.2,34.0,113.0,7.5,35.0,105.0,6.6,37.0,96.0,17.9,38.0,87.0,10.1,38.0,76.0,7.8,38.0,85.0,7,38.0,83.0,6.6,37.0,88.0,8.7,3.2,91.0,8.5,3.0,110.0,13.4,3.0,99.0,12.4,2.8,115.0,10.7,2.6,123.0,9,2.6,111.0,18.3,2.6,107.0,18,2.6,102.0,21.4,2.5,92.0,22.2,2.6,77.0,21.4,2.6,75.0,24.1,3.4,57.0,23.9,3.5,56.0,22.7,3.5,52.0,21.4,,,38.6,,,31.5,,
Zimbabwe,ZWE,SSA,667.4,24.0,149.0,193.4,23.0,157.0,98.5,23.0,157.0,557.2,24.0,157.0,255.3,24.0,158.0,10.6,22.0,160.0,0.9,22.0,157.0,-1.6,22.0,154.0,-2.4,21.0,150.0,-0.2,21.0,156.0,1.6,21.0,157.0,3.7,20.0,163.0,3.5,2.2,154.0,3,2.4,146.0,6.2,2.2,146.0,157,1.8,166.0,-72.7,2.1,150.0,33,2.4,130.0,-31.5,2.6,107.0,113.6,2.3,114.0,-8.6,2.3,106.0,-34.4,2.7,71.0,-37.2,2.9,65.0,4.5,3.0,65.0,-13.4,4.1,45.0,-28,4.2,43.0,-1,,,6,,,15.2,,
